Model,Scenario,Region,Sector,Variable_clean,Unit,2015,2040,2050
REMIND-MAgPIE 3.2-4.6,SDP_EI-1p5C-CCimp,"Canada, Australia, New Zealand",Buildings - Residential and Commercial,Emissions,Mt CO2e/yr,77.5662,12.6127,0.0106
REMIND-MAgPIE 3.2-4.6,SDP_EI-1p5C-CCimp,China,Buildings - Residential and Commercial,Emissions,Mt CO2e/yr,676.4475,155.15529999999998,24.0684
REMIND-MAgPIE 3.2-4.6,SDP_EI-1p5C-CCimp,Europe,Buildings - Residential and Commercial,Emissions,Mt CO2e/yr,553.6432,156.6263,29.1033
REMIND-MAgPIE 3.2-4.6,SDP_EI-1p5C-CCimp,India,Buildings - Residential and Commercial,Emissions,Mt CO2e/yr,194.9417,85.2457,18.4985
REMIND-MAgPIE 3.2-4.6,SDP_EI-1p5C-CCimp,Japan,Buildings - Residential and Commercial,Emissions,Mt CO2e/yr,105.7944,16.1085,3.0656
REMIND-MAgPIE 3.2-4.6,SDP_EI-1p5C-CCimp,Latin America and Caribbean,Buildings - Residential and Commercial,Emissions,Mt CO2e/yr,133.1766,53.92659999999999,42.0669
REMIND-MAgPIE 3.2-4.6,SDP_EI-1p5C-CCimp,Middle East and Africa,Buildings - Residential and Commercial,Emissions,Mt CO2e/yr,204.5975,171.8004,43.3456
REMIND-MAgPIE 3.2-4.6,SDP_EI-1p5C-CCimp,Non-EU Europe,Buildings - Residential and Commercial,Emissions,Mt CO2e/yr,71.82039999999999,24.525399999999998,4.5895
REMIND-MAgPIE 3.2-4.6,SDP_EI-1p5C-CCimp,Other Asia,Buildings - Residential and Commercial,Emissions,Mt CO2e/yr,199.1249,131.3777,49.472500000000004
REMIND-MAgPIE 3.2-4.6,SDP_EI-1p5C-CCimp,Russia and Former Soviet Union,Buildings - Residential and Commercial,Emissions,Mt CO2e/yr,263.4895,106.2953,17.419900000000002
REMIND-MAgPIE 3.2-4.6,SDP_EI-1p5C-CCimp,Sub-Saharan Africa,Buildings - Residential and Commercial,Emissions,Mt CO2e/yr,123.0697,82.6113,31.9075
REMIND-MAgPIE 3.2-4.6,SDP_EI-1p5C-CCimp,United States,Buildings - Residential and Commercial,Emissions,Mt CO2e/yr,459.57489999999996,92.7294,17.6771
REMIND-MAgPIE 3.2-4.6,SDP_MC-1p5C-CCimp,"Canada, Australia, New Zealand",Buildings - Residential and Commercial,Emissions,Mt CO2e/yr,77.5662,4.5192,0.012499999999999999
REMIND-MAgPIE 3.2-4.6,SDP_MC-1p5C-CCimp,China,Buildings - Residential and Commercial,Emissions,Mt CO2e/yr,676.4475,105.41290000000001,15.6788
REMIND-MAgPIE 3.2-4.6,SDP_MC-1p5C-CCimp,Europe,Buildings - Residential and Commercial,Emissions,Mt CO2e/yr,553.6432,100.339,12.8705
REMIND-MAgPIE 3.2-4.6,SDP_MC-1p5C-CCimp,India,Buildings - Residential and Commercial,Emissions,Mt CO2e/yr,194.9417,62.657399999999996,22.106600000000004
REMIND-MAgPIE 3.2-4.6,SDP_MC-1p5C-CCimp,Japan,Buildings - Residential and Commercial,Emissions,Mt CO2e/yr,105.7944,11.536,1.1677
REMIND-MAgPIE 3.2-4.6,SDP_MC-1p5C-CCimp,Latin America and Caribbean,Buildings - Residential and Commercial,Emissions,Mt CO2e/yr,133.1766,42.1694,23.827
REMIND-MAgPIE 3.2-4.6,SDP_MC-1p5C-CCimp,Middle East and Africa,Buildings - Residential and Commercial,Emissions,Mt CO2e/yr,204.5975,172.8544,52.8591
REMIND-MAgPIE 3.2-4.6,SDP_MC-1p5C-CCimp,Non-EU Europe,Buildings - Residential and Commercial,Emissions,Mt CO2e/yr,71.82039999999999,18.5956,3.1931
REMIND-MAgPIE 3.2-4.6,SDP_MC-1p5C-CCimp,Other Asia,Buildings - Residential and Commercial,Emissions,Mt CO2e/yr,199.1249,113.4282,40.1728
REMIND-MAgPIE 3.2-4.6,SDP_MC-1p5C-CCimp,Russia and Former Soviet Union,Buildings - Residential and Commercial,Emissions,Mt CO2e/yr,263.4895,66.6616,6.6587
REMIND-MAgPIE 3.2-4.6,SDP_MC-1p5C-CCimp,Sub-Saharan Africa,Buildings - Residential and Commercial,Emissions,Mt CO2e/yr,123.0697,59.558499999999995,27.949800000000003
REMIND-MAgPIE 3.2-4.6,SDP_MC-1p5C-CCimp,United States,Buildings - Residential and Commercial,Emissions,Mt CO2e/yr,459.57489999999996,67.2625,1.8425
REMIND-MAgPIE 3.2-4.6,SDP_RC-1p5C-CCimp,"Canada, Australia, New Zealand",Buildings - Residential and Commercial,Emissions,Mt CO2e/yr,77.5662,3.9317,0.0115
REMIND-MAgPIE 3.2-4.6,SDP_RC-1p5C-CCimp,China,Buildings - Residential and Commercial,Emissions,Mt CO2e/yr,676.4475,128.3354,30.448900000000002
REMIND-MAgPIE 3.2-4.6,SDP_RC-1p5C-CCimp,Europe,Buildings - Residential and Commercial,Emissions,Mt CO2e/yr,553.6432,108.05590000000001,18.559499999999996
REMIND-MAgPIE 3.2-4.6,SDP_RC-1p5C-CCimp,India,Buildings - Residential and Commercial,Emissions,Mt CO2e/yr,194.9417,78.5146,36.1479
REMIND-MAgPIE 3.2-4.6,SDP_RC-1p5C-CCimp,Japan,Buildings - Residential and Commercial,Emissions,Mt CO2e/yr,105.7944,12.2672,0.9983
REMIND-MAgPIE 3.2-4.6,SDP_RC-1p5C-CCimp,Latin America and Caribbean,Buildings - Residential and Commercial,Emissions,Mt CO2e/yr,133.1766,49.620999999999995,15.273200000000001
REMIND-MAgPIE 3.2-4.6,SDP_RC-1p5C-CCimp,Middle East and Africa,Buildings - Residential and Commercial,Emissions,Mt CO2e/yr,204.5975,173.6327,45.7328
REMIND-MAgPIE 3.2-4.6,SDP_RC-1p5C-CCimp,Non-EU Europe,Buildings - Residential and Commercial,Emissions,Mt CO2e/yr,71.82039999999999,20.0488,2.8128
REMIND-MAgPIE 3.2-4.6,SDP_RC-1p5C-CCimp,Other Asia,Buildings - Residential and Commercial,Emissions,Mt CO2e/yr,199.1249,122.2928,41.7095
REMIND-MAgPIE 3.2-4.6,SDP_RC-1p5C-CCimp,Russia and Former Soviet Union,Buildings - Residential and Commercial,Emissions,Mt CO2e/yr,263.4895,83.1459,13.4395
REMIND-MAgPIE 3.2-4.6,SDP_RC-1p5C-CCimp,Sub-Saharan Africa,Buildings - Residential and Commercial,Emissions,Mt CO2e/yr,123.0697,86.1198,53.5871
REMIND-MAgPIE 3.2-4.6,SDP_RC-1p5C-CCimp,United States,Buildings - Residential and Commercial,Emissions,Mt CO2e/yr,459.57489999999996,80.9554,9.615099999999998
REMIND-MAgPIE 3.2-4.6,SSP1-1p5C,"Canada, Australia, New Zealand",Buildings - Residential and Commercial,Emissions,Mt CO2e/yr,77.5662,26.905099999999997,2.6555
REMIND-MAgPIE 3.2-4.6,SSP1-1p5C,China,Buildings - Residential and Commercial,Emissions,Mt CO2e/yr,676.4475,327.64820000000003,165.6073
REMIND-MAgPIE 3.2-4.6,SSP1-1p5C,Europe,Buildings - Residential and Commercial,Emissions,Mt CO2e/yr,553.6432,206.3029,36.6411
REMIND-MAgPIE 3.2-4.6,SSP1-1p5C,India,Buildings - Residential and Commercial,Emissions,Mt CO2e/yr,194.9417,183.03239999999997,140.419
REMIND-MAgPIE 3.2-4.6,SSP1-1p5C,Japan,Buildings - Residential and Commercial,Emissions,Mt CO2e/yr,105.7944,41.5877,12.751199999999999
REMIND-MAgPIE 3.2-4.6,SSP1-1p5C,Latin America and Caribbean,Buildings - Residential and Commercial,Emissions,Mt CO2e/yr,133.1766,74.6669,36.3707
REMIND-MAgPIE 3.2-4.6,SSP1-1p5C,Middle East and Africa,Buildings - Residential and Commercial,Emissions,Mt CO2e/yr,204.5975,147.58520000000001,38.5405
REMIND-MAgPIE 3.2-4.6,SSP1-1p5C,Non-EU Europe,Buildings - Residential and Commercial,Emissions,Mt CO2e/yr,71.82039999999999,30.7684,6.0871
REMIND-MAgPIE 3.2-4.6,SSP1-1p5C,Other Asia,Buildings - Residential and Commercial,Emissions,Mt CO2e/yr,199.1249,170.4452,105.1772
REMIND-MAgPIE 3.2-4.6,SSP1-1p5C,Russia and Former Soviet Union,Buildings - Residential and Commercial,Emissions,Mt CO2e/yr,263.4895,137.08749999999998,58.9778
REMIND-MAgPIE 3.2-4.6,SSP1-1p5C,Sub-Saharan Africa,Buildings - Residential and Commercial,Emissions,Mt CO2e/yr,123.0697,123.64789999999999,105.89320000000001
REMIND-MAgPIE 3.2-4.6,SSP1-1p5C,United States,Buildings - Residential and Commercial,Emissions,Mt CO2e/yr,459.57489999999996,130.51239999999999,22.4897
REMIND-MAgPIE 3.2-4.6,SSP1-NPi,"Canada, Australia, New Zealand",Buildings - Residential and Commercial,Emissions,Mt CO2e/yr,77.5662,46.5869,29.4312
REMIND-MAgPIE 3.2-4.6,SSP1-NPi,China,Buildings - Residential and Commercial,Emissions,Mt CO2e/yr,676.4475,708.7184,491.4447
REMIND-MAgPIE 3.2-4.6,SSP1-NPi,Europe,Buildings - Residential and Commercial,Emissions,Mt CO2e/yr,553.6432,431.882,357.7062
REMIND-MAgPIE 3.2-4.6,SSP1-NPi,India,Buildings - Residential and Commercial,Emissions,Mt CO2e/yr,194.9417,218.32930000000002,226.0333
REMIND-MAgPIE 3.2-4.6,SSP1-NPi,Japan,Buildings - Residential and Commercial,Emissions,Mt CO2e/yr,105.7944,50.992200000000004,33.3003
REMIND-MAgPIE 3.2-4.6,SSP1-NPi,Latin America and Caribbean,Buildings - Residential and Commercial,Emissions,Mt CO2e/yr,133.1766,114.6699,139.5958
REMIND-MAgPIE 3.2-4.6,SSP1-NPi,Middle East and Africa,Buildings - Residential and Commercial,Emissions,Mt CO2e/yr,204.5975,283.2657,264.6707
REMIND-MAgPIE 3.2-4.6,SSP1-NPi,Non-EU Europe,Buildings - Residential and Commercial,Emissions,Mt CO2e/yr,71.82039999999999,56.8611,48.4315
REMIND-MAgPIE 3.2-4.6,SSP1-NPi,Other Asia,Buildings - Residential and Commercial,Emissions,Mt CO2e/yr,199.1249,190.84690000000003,208.6128
REMIND-MAgPIE 3.2-4.6,SSP1-NPi,Russia and Former Soviet Union,Buildings - Residential and Commercial,Emissions,Mt CO2e/yr,263.4895,255.8722,146.1583
REMIND-MAgPIE 3.2-4.6,SSP1-NPi,Sub-Saharan Africa,Buildings - Residential and Commercial,Emissions,Mt CO2e/yr,123.0697,166.57340000000002,181.1901
REMIND-MAgPIE 3.2-4.6,SSP1-NPi,United States,Buildings - Residential and Commercial,Emissions,Mt CO2e/yr,459.57489999999996,324.26439999999997,265.3493
REMIND-MAgPIE 3.2-4.6,SSP2-1p5C-CCimp,"Canada, Australia, New Zealand",Buildings - Residential and Commercial,Emissions,Mt CO2e/yr,155.1324,23.936200000000003,3.7802
REMIND-MAgPIE 3.2-4.6,SSP2-1p5C-CCimp,China,Buildings - Residential and Commercial,Emissions,Mt CO2e/yr,1352.895,441.39939999999996,155.4762
REMIND-MAgPIE 3.2-4.6,SSP2-1p5C-CCimp,Europe,Buildings - Residential and Commercial,Emissions,Mt CO2e/yr,1107.2864,270.0772,49.73
REMIND-MAgPIE 3.2-4.6,SSP2-1p5C-CCimp,India,Buildings - Residential and Commercial,Emissions,Mt CO2e/yr,389.8834,326.846,166.3624
REMIND-MAgPIE 3.2-4.6,SSP2-1p5C-CCimp,Japan,Buildings - Residential and Commercial,Emissions,Mt CO2e/yr,211.5888,80.3938,32.6992
REMIND-MAgPIE 3.2-4.6,SSP2-1p5C-CCimp,Latin America and Caribbean,Buildings - Residential and Commercial,Emissions,Mt CO2e/yr,266.3532,156.9882,132.5258
REMIND-MAgPIE 3.2-4.6,SSP2-1p5C-CCimp,Middle East and Africa,Buildings - Residential and Commercial,Emissions,Mt CO2e/yr,409.195,262.6168,85.2658
REMIND-MAgPIE 3.2-4.6,SSP2-1p5C-CCimp,Non-EU Europe,Buildings - Residential and Commercial,Emissions,Mt CO2e/yr,143.64079999999998,61.0318,10.3786
REMIND-MAgPIE 3.2-4.6,SSP2-1p5C-CCimp,Other Asia,Buildings - Residential and Commercial,Emissions,Mt CO2e/yr,398.2498,316.9006,109.98519999999999
REMIND-MAgPIE 3.2-4.6,SSP2-1p5C-CCimp,Russia and Former Soviet Union,Buildings - Residential and Commercial,Emissions,Mt CO2e/yr,526.979,220.198,78.7104
REMIND-MAgPIE 3.2-4.6,SSP2-1p5C-CCimp,Sub-Saharan Africa,Buildings - Residential and Commercial,Emissions,Mt CO2e/yr,246.13940000000002,317.69,196.214
REMIND-MAgPIE 3.2-4.6,SSP2-1p5C-CCimp,United States,Buildings - Residential and Commercial,Emissions,Mt CO2e/yr,919.1497999999999,327.58299999999997,189.0052
REMIndia-MAgPIE 3.2-4.6,SSP2-NPi-CCimp,"Canada, Australia, New Zealand",Buildings - Residential and Commercial,Emissions,Mt CO2e/yr,77.5662,57.4949,50.194700000000005
REMIndia-MAgPIE 3.2-4.6,SSP2-NPi-CCimp,China,Buildings - Residential and Commercial,Emissions,Mt CO2e/yr,676.4475,788.0279,748.5459
REMIndia-MAgPIE 3.2-4.6,SSP2-NPi-CCimp,Europe,Buildings - Residential and Commercial,Emissions,Mt CO2e/yr,553.6432,323.7154,237.1293
REMIndia-MAgPIE 3.2-4.6,SSP2-NPi-CCimp,India,Buildings - Residential and Commercial,Emissions,Mt CO2e/yr,194.9417,297.8401,306.0565
REMIndia-MAgPIE 3.2-4.6,SSP2-NPi-CCimp,Japan,Buildings - Residential and Commercial,Emissions,Mt CO2e/yr,105.7944,74.03999999999999,60.129799999999996
REMIndia-MAgPIE 3.2-4.6,SSP2-NPi-CCimp,Latin America and Caribbean,Buildings - Residential and Commercial,Emissions,Mt CO2e/yr,133.1766,149.758,176.0174
REMIndia-MAgPIE 3.2-4.6,SSP2-NPi-CCimp,Middle East and Africa,Buildings - Residential and Commercial,Emissions,Mt CO2e/yr,204.5975,363.1338,444.5402
REMIndia-MAgPIE 3.2-4.6,SSP2-NPi-CCimp,Non-EU Europe,Buildings - Residential and Commercial,Emissions,Mt CO2e/yr,71.82039999999999,81.08950000000002,76.1211
REMIndia-MAgPIE 3.2-4.6,SSP2-NPi-CCimp,Other Asia,Buildings - Residential and Commercial,Emissions,Mt CO2e/yr,199.1249,286.09350000000006,323.6334
REMIndia-MAgPIE 3.2-4.6,SSP2-NPi-CCimp,Russia and Former Soviet Union,Buildings - Residential and Commercial,Emissions,Mt CO2e/yr,263.4895,279.03819999999996,242.1575
REMIndia-MAgPIE 3.2-4.6,SSP2-NPi-CCimp,Sub-Saharan Africa,Buildings - Residential and Commercial,Emissions,Mt CO2e/yr,123.0697,424.45390000000003,736.2359
REMIndia-MAgPIE 3.2-4.6,SSP2-NPi-CCimp,United States,Buildings - Residential and Commercial,Emissions,Mt CO2e/yr,459.57489999999996,374.5279,354.2024
REMIndia-MAgPIE 3.2-4.6,SSP2-NPi-CCimp,"Canada, Australia, New Zealand",Buildings - Residential and Commercial,Final Energy,EJ/yr,3.307,3.2661,3.0336
REMIndia-MAgPIE 3.2-4.6,SSP2-NPi-CCimp,China,Buildings - Residential and Commercial,Final Energy,EJ/yr,18.7577,35.3591,32.5514
REMIndia-MAgPIE 3.2-4.6,SSP2-NPi-CCimp,Europe,Buildings - Residential and Commercial,Final Energy,EJ/yr,17.8593,15.5944,13.3881
REMIndia-MAgPIE 3.2-4.6,SSP2-NPi-CCimp,India,Buildings - Residential and Commercial,Final Energy,EJ/yr,7.2483,11.7939,14.1212
REMIndia-MAgPIE 3.2-4.6,SSP2-NPi-CCimp,Japan,Buildings - Residential and Commercial,Final Energy,EJ/yr,4.0348,3.3553,2.9745
REMIndia-MAgPIE 3.2-4.6,SSP2-NPi-CCimp,Latin America and Caribbean,Buildings - Residential and Commercial,Final Energy,EJ/yr,5.7235,8.0237,10.2541
REMIndia-MAgPIE 3.2-4.6,SSP2-NPi-CCimp,Middle East and Africa,Buildings - Residential and Commercial,Final Energy,EJ/yr,7.1118,12.6191,14.7929
REMIndia-MAgPIE 3.2-4.6,SSP2-NPi-CCimp,Non-EU Europe,Buildings - Residential and Commercial,Final Energy,EJ/yr,2.2813,2.9713,3.0856
REMIndia-MAgPIE 3.2-4.6,SSP2-NPi-CCimp,Other Asia,Buildings - Residential and Commercial,Final Energy,EJ/yr,9.7433,13.7797,16.002
REMIndia-MAgPIE 3.2-4.6,SSP2-NPi-CCimp,Russia and Former Soviet Union,Buildings - Residential and Commercial,Final Energy,EJ/yr,9.8129,10.2988,9.8411
REMIndia-MAgPIE 3.2-4.6,SSP2-NPi-CCimp,Sub-Saharan Africa,Buildings - Residential and Commercial,Final Energy,EJ/yr,12.0395,16.2915,19.2331
REMIndia-MAgPIE 3.2-4.6,SSP2-NPi-CCimp,United States,Buildings - Residential and Commercial,Final Energy,EJ/yr,20.0933,19.6365,18.7065
REMIndia-MAgPIE 3.2-4.6,SSP2-NPi-CCimp,"Canada, Australia, New Zealand",Buildings - Residential and Commercial,Population,million,64.1343,79.3606,84.1386
REMIndia-MAgPIE 3.2-4.6,SSP2-NPi-CCimp,China,Buildings - Residential and Commercial,Population,million,1411.2736,1391.432,1318.2783
REMIndia-MAgPIE 3.2-4.6,SSP2-NPi-CCimp,Europe,Buildings - Residential and Commercial,Population,million,509.7676,518.9234,515.8634
REMIndia-MAgPIE 3.2-4.6,SSP2-NPi-CCimp,India,Buildings - Residential and Commercial,Population,million,1322.8665,1602.4071,1650.7419
REMIndia-MAgPIE 3.2-4.6,SSP2-NPi-CCimp,Japan,Buildings - Residential and Commercial,Population,million,127.141,112.9753,106.2018
REMIndia-MAgPIE 3.2-4.6,SSP2-NPi-CCimp,Latin America and Caribbean,Buildings - Residential and Commercial,Population,million,622.5515,729.5408,744.9623
REMIndia-MAgPIE 3.2-4.6,SSP2-NPi-CCimp,Middle East and Africa,Buildings - Residential and Commercial,Population,million,477.7181,669.4447,724.7476
REMIndia-MAgPIE 3.2-4.6,SSP2-NPi-CCimp,Non-EU Europe,Buildings - Residential and Commercial,Population,million,111.6676,125.6939,127.3123
REMIndia-MAgPIE 3.2-4.6,SSP2-NPi-CCimp,Other Asia,Buildings - Residential and Commercial,Population,million,1180.0654,1478.0789,1541.598
REMIndia-MAgPIE 3.2-4.6,SSP2-NPi-CCimp,Russia and Former Soviet Union,Buildings - Residential and Commercial,Population,million,286.8903,290.345,289.3406
REMIndia-MAgPIE 3.2-4.6,SSP2-NPi-CCimp,Sub-Saharan Africa,Buildings - Residential and Commercial,Population,million,972.711,1688.2663,1959.0324
REMIndia-MAgPIE 3.2-4.6,SSP2-NPi-CCimp,United States,Buildings - Residential and Commercial,Population,million,320.739,369.427,387.1595
REMIndia-MAgPIE 3.2-4.6,SSP2-NPi-CCimp,"Canada, Australia, New Zealand",Buildings - Residential and Commercial,Energy Service,bn m2/yr,3.458,5.0952,5.6593
REMIndia-MAgPIE 3.2-4.6,SSP2-NPi-CCimp,China,Buildings - Residential and Commercial,Energy Service,bn m2/yr,64.6625,100.301,101.8745
REMIndia-MAgPIE 3.2-4.6,SSP2-NPi-CCimp,Europe,Buildings - Residential and Commercial,Energy Service,bn m2/yr,26.6618,31.0184,32.4458
REMIndia-MAgPIE 3.2-4.6,SSP2-NPi-CCimp,India,Buildings - Residential and Commercial,Energy Service,bn m2/yr,17.1945,37.1074,44.8531
REMIndia-MAgPIE 3.2-4.6,SSP2-NPi-CCimp,Japan,Buildings - Residential and Commercial,Energy Service,bn m2/yr,7.1718,7.2632,7.0428
REMIndia-MAgPIE 3.2-4.6,SSP2-NPi-CCimp,Latin America and Caribbean,Buildings - Residential and Commercial,Energy Service,bn m2/yr,20.8535,31.6381,35.9069
REMIndia-MAgPIE 3.2-4.6,SSP2-NPi-CCimp,Middle East and Africa,Buildings - Residential and Commercial,Energy Service,bn m2/yr,11.8562,20.7188,24.8425
REMIndia-MAgPIE 3.2-4.6,SSP2-NPi-CCimp,Non-EU Europe,Buildings - Residential and Commercial,Energy Service,bn m2/yr,5.5941,7.7201,8.2762
REMIndia-MAgPIE 3.2-4.6,SSP2-NPi-CCimp,Other Asia,Buildings - Residential and Commercial,Energy Service,bn m2/yr,24.8573,44.4947,51.7519
REMIndia-MAgPIE 3.2-4.6,SSP2-NPi-CCimp,Russia and Former Soviet Union,Buildings - Residential and Commercial,Energy Service,bn m2/yr,8.8909,12.2598,13.2987
REMIndia-MAgPIE 3.2-4.6,SSP2-NPi-CCimp,Sub-Saharan Africa,Buildings - Residential and Commercial,Energy Service,bn m2/yr,15.2115,34.6979,47.3418
REMIndia-MAgPIE 3.2-4.6,SSP2-NPi-CCimp,United States,Buildings - Residential and Commercial,Energy Service,bn m2/yr,30.5187,38.8371,40.9369
REMIND-MAgPIE 3.2-4.6,SSP2-1p5C-CCimp,"Canada, Australia, New Zealand",Buildings - Residential and Commercial,Energy Service,bn m2/yr,3.458,5.0952,5.6593
REMIND-MAgPIE 3.2-4.6,SSP2-1p5C-CCimp,China,Buildings - Residential and Commercial,Energy Service,bn m2/yr,64.6625,100.301,101.8745
REMIND-MAgPIE 3.2-4.6,SSP2-1p5C-CCimp,Europe,Buildings - Residential and Commercial,Energy Service,bn m2/yr,26.6618,31.0184,32.4458
REMIND-MAgPIE 3.2-4.6,SSP2-1p5C-CCimp,India,Buildings - Residential and Commercial,Energy Service,bn m2/yr,17.1945,37.1074,44.8531
REMIND-MAgPIE 3.2-4.6,SSP2-1p5C-CCimp,Japan,Buildings - Residential and Commercial,Energy Service,bn m2/yr,7.1718,7.2632,7.0428
REMIND-MAgPIE 3.2-4.6,SSP2-1p5C-CCimp,Latin America and Caribbean,Buildings - Residential and Commercial,Energy Service,bn m2/yr,20.8535,31.6381,35.9069
REMIND-MAgPIE 3.2-4.6,SSP2-1p5C-CCimp,Middle East and Africa,Buildings - Residential and Commercial,Energy Service,bn m2/yr,11.8562,20.7188,24.8425
REMIND-MAgPIE 3.2-4.6,SSP2-1p5C-CCimp,Non-EU Europe,Buildings - Residential and Commercial,Energy Service,bn m2/yr,5.5941,7.7201,8.2762
REMIND-MAgPIE 3.2-4.6,SSP2-1p5C-CCimp,Other Asia,Buildings - Residential and Commercial,Energy Service,bn m2/yr,24.8573,44.4947,51.7519
REMIND-MAgPIE 3.2-4.6,SSP2-1p5C-CCimp,Russia and Former Soviet Union,Buildings - Residential and Commercial,Energy Service,bn m2/yr,8.8909,12.2598,13.2987
REMIND-MAgPIE 3.2-4.6,SSP2-1p5C-CCimp,Sub-Saharan Africa,Buildings - Residential and Commercial,Energy Service,bn m2/yr,15.2115,34.6979,47.3418
REMIND-MAgPIE 3.2-4.6,SSP2-1p5C-CCimp,United States,Buildings - Residential and Commercial,Energy Service,bn m2/yr,30.5187,38.8371,40.9369
REMIND-MAgPIE 3.2-4.6,SSP2-1p5C-CCimp,"Canada, Australia, New Zealand",Buildings - Residential and Commercial,Final Energy,EJ/yr,3.307,2.7673,2.6217
REMIND-MAgPIE 3.2-4.6,SSP2-1p5C-CCimp,China,Buildings - Residential and Commercial,Final Energy,EJ/yr,18.7577,28.5372,27.6833
REMIND-MAgPIE 3.2-4.6,SSP2-1p5C-CCimp,Europe,Buildings - Residential and Commercial,Final Energy,EJ/yr,17.8593,13.4936,11.4676
REMIND-MAgPIE 3.2-4.6,SSP2-1p5C-CCimp,India,Buildings - Residential and Commercial,Final Energy,EJ/yr,7.2483,9.5106,11.798
REMIND-MAgPIE 3.2-4.6,SSP2-1p5C-CCimp,Japan,Buildings - Residential and Commercial,Final Energy,EJ/yr,4.0348,2.6981,2.4634
REMIND-MAgPIE 3.2-4.6,SSP2-1p5C-CCimp,Latin America and Caribbean,Buildings - Residential and Commercial,Final Energy,EJ/yr,5.7235,7.1383,9.0947
REMIND-MAgPIE 3.2-4.6,SSP2-1p5C-CCimp,Middle East and Africa,Buildings - Residential and Commercial,Final Energy,EJ/yr,7.1118,7.7947,9.5796
REMIND-MAgPIE 3.2-4.6,SSP2-1p5C-CCimp,Non-EU Europe,Buildings - Residential and Commercial,Final Energy,EJ/yr,2.2813,2.498,2.4014
REMIND-MAgPIE 3.2-4.6,SSP2-1p5C-CCimp,Other Asia,Buildings - Residential and Commercial,Final Energy,EJ/yr,9.7433,11.4825,14.2351
REMIND-MAgPIE 3.2-4.6,SSP2-1p5C-CCimp,Russia and Former Soviet Union,Buildings - Residential and Commercial,Final Energy,EJ/yr,9.8129,6.1114,5.4949
REMIND-MAgPIE 3.2-4.6,SSP2-1p5C-CCimp,Sub-Saharan Africa,Buildings - Residential and Commercial,Final Energy,EJ/yr,12.0395,11.6138,10.688
REMIND-MAgPIE 3.2-4.6,SSP2-1p5C-CCimp,United States,Buildings - Residential and Commercial,Final Energy,EJ/yr,20.0933,16.5739,16.3743
REMIND-MAgPIE 3.2-4.6,SSP2-1p5C-CCimp,"Canada, Australia, New Zealand",Buildings - Residential and Commercial,Population,million,64.1343,79.3606,84.1386
REMIND-MAgPIE 3.2-4.6,SSP2-1p5C-CCimp,China,Buildings - Residential and Commercial,Population,million,1411.2736,1391.432,1318.2783
REMIND-MAgPIE 3.2-4.6,SSP2-1p5C-CCimp,Europe,Buildings - Residential and Commercial,Population,million,509.7676,518.9234,515.8634
REMIND-MAgPIE 3.2-4.6,SSP2-1p5C-CCimp,India,Buildings - Residential and Commercial,Population,million,1322.8665,1602.4071,1650.7419
REMIND-MAgPIE 3.2-4.6,SSP2-1p5C-CCimp,Japan,Buildings - Residential and Commercial,Population,million,127.141,112.9753,106.2018
REMIND-MAgPIE 3.2-4.6,SSP2-1p5C-CCimp,Latin America and Caribbean,Buildings - Residential and Commercial,Population,million,622.5515,729.5408,744.9623
REMIND-MAgPIE 3.2-4.6,SSP2-1p5C-CCimp,Middle East and Africa,Buildings - Residential and Commercial,Population,million,477.7181,669.4447,724.7476
REMIND-MAgPIE 3.2-4.6,SSP2-1p5C-CCimp,Non-EU Europe,Buildings - Residential and Commercial,Population,million,111.6676,125.6939,127.3123
REMIND-MAgPIE 3.2-4.6,SSP2-1p5C-CCimp,Other Asia,Buildings - Residential and Commercial,Population,million,1180.0654,1478.0789,1541.598
REMIND-MAgPIE 3.2-4.6,SSP2-1p5C-CCimp,Russia and Former Soviet Union,Buildings - Residential and Commercial,Population,million,286.8903,290.345,289.3406
REMIND-MAgPIE 3.2-4.6,SSP2-1p5C-CCimp,Sub-Saharan Africa,Buildings - Residential and Commercial,Population,million,972.711,1688.2663,1959.0324
REMIND-MAgPIE 3.2-4.6,SSP2-1p5C-CCimp,United States,Buildings - Residential and Commercial,Population,million,320.739,369.427,387.1595
REMIND-MAgPIE 3.2-4.6,SSP2-1p5C-CCimp,"Canada, Australia, New Zealand",Buildings - Residential and Commercial,Energy Service,bn m2/yr,3.458,5.0952,5.6593
REMIND-MAgPIE 3.2-4.6,SSP2-1p5C-CCimp,China,Buildings - Residential and Commercial,Energy Service,bn m2/yr,64.6625,100.301,101.8745
REMIND-MAgPIE 3.2-4.6,SSP2-1p5C-CCimp,Europe,Buildings - Residential and Commercial,Energy Service,bn m2/yr,26.6618,31.0184,32.4458
REMIND-MAgPIE 3.2-4.6,SSP2-1p5C-CCimp,India,Buildings - Residential and Commercial,Energy Service,bn m2/yr,17.1945,37.1074,44.8531
REMIND-MAgPIE 3.2-4.6,SSP2-1p5C-CCimp,Japan,Buildings - Residential and Commercial,Energy Service,bn m2/yr,7.1718,7.2632,7.0428
REMIND-MAgPIE 3.2-4.6,SSP2-1p5C-CCimp,Latin America and Caribbean,Buildings - Residential and Commercial,Energy Service,bn m2/yr,20.8535,31.6381,35.9069
REMIND-MAgPIE 3.2-4.6,SSP2-1p5C-CCimp,Middle East and Africa,Buildings - Residential and Commercial,Energy Service,bn m2/yr,11.8562,20.7188,24.8425
REMIND-MAgPIE 3.2-4.6,SSP2-1p5C-CCimp,Non-EU Europe,Buildings - Residential and Commercial,Energy Service,bn m2/yr,5.5941,7.7201,8.2762
REMIND-MAgPIE 3.2-4.6,SSP2-1p5C-CCimp,Other Asia,Buildings - Residential and Commercial,Energy Service,bn m2/yr,24.8573,44.4947,51.7519
REMIND-MAgPIE 3.2-4.6,SSP2-1p5C-CCimp,Russia and Former Soviet Union,Buildings - Residential and Commercial,Energy Service,bn m2/yr,8.8909,12.2598,13.2987
REMIND-MAgPIE 3.2-4.6,SSP2-1p5C-CCimp,Sub-Saharan Africa,Buildings - Residential and Commercial,Energy Service,bn m2/yr,15.2115,34.6979,47.3418
REMIND-MAgPIE 3.2-4.6,SSP2-1p5C-CCimp,United States,Buildings - Residential and Commercial,Energy Service,bn m2/yr,30.5187,38.8371,40.9369
REMIND-MAgPIE 3.2-4.6,SSP2-1p5C-CCimp,"Canada, Australia, New Zealand",Buildings - Residential and Commercial,Final Energy,EJ/yr,3.307,2.7673,2.6217
REMIND-MAgPIE 3.2-4.6,SSP2-1p5C-CCimp,China,Buildings - Residential and Commercial,Final Energy,EJ/yr,18.7577,28.5372,27.6833
REMIND-MAgPIE 3.2-4.6,SSP2-1p5C-CCimp,Europe,Buildings - Residential and Commercial,Final Energy,EJ/yr,17.8593,13.4936,11.4676
REMIND-MAgPIE 3.2-4.6,SSP2-1p5C-CCimp,India,Buildings - Residential and Commercial,Final Energy,EJ/yr,7.2483,9.5106,11.798
REMIND-MAgPIE 3.2-4.6,SSP2-1p5C-CCimp,Japan,Buildings - Residential and Commercial,Final Energy,EJ/yr,4.0348,2.6981,2.4634
REMIND-MAgPIE 3.2-4.6,SSP2-1p5C-CCimp,Latin America and Caribbean,Buildings - Residential and Commercial,Final Energy,EJ/yr,5.7235,7.1383,9.0947
REMIND-MAgPIE 3.2-4.6,SSP2-1p5C-CCimp,Middle East and Africa,Buildings - Residential and Commercial,Final Energy,EJ/yr,7.1118,7.7947,9.5796
REMIND-MAgPIE 3.2-4.6,SSP2-1p5C-CCimp,Non-EU Europe,Buildings - Residential and Commercial,Final Energy,EJ/yr,2.2813,2.498,2.4014
REMIND-MAgPIE 3.2-4.6,SSP2-1p5C-CCimp,Other Asia,Buildings - Residential and Commercial,Final Energy,EJ/yr,9.7433,11.4825,14.2351
REMIND-MAgPIE 3.2-4.6,SSP2-1p5C-CCimp,Russia and Former Soviet Union,Buildings - Residential and Commercial,Final Energy,EJ/yr,9.8129,6.1114,5.4949
REMIND-MAgPIE 3.2-4.6,SSP2-1p5C-CCimp,Sub-Saharan Africa,Buildings - Residential and Commercial,Final Energy,EJ/yr,12.0395,11.6138,10.688
REMIND-MAgPIE 3.2-4.6,SSP2-1p5C-CCimp,United States,Buildings - Residential and Commercial,Final Energy,EJ/yr,20.0933,16.5739,16.3743
REMIND-MAgPIE 3.2-4.6,SSP2-1p5C-CCimp,"Canada, Australia, New Zealand",Buildings - Residential and Commercial,Population,million,64.1343,79.3606,84.1386
REMIND-MAgPIE 3.2-4.6,SSP2-1p5C-CCimp,China,Buildings - Residential and Commercial,Population,million,1411.2736,1391.432,1318.2783
REMIND-MAgPIE 3.2-4.6,SSP2-1p5C-CCimp,Europe,Buildings - Residential and Commercial,Population,million,509.7676,518.9234,515.8634
REMIND-MAgPIE 3.2-4.6,SSP2-1p5C-CCimp,India,Buildings - Residential and Commercial,Population,million,1322.8665,1602.4071,1650.7419
REMIND-MAgPIE 3.2-4.6,SSP2-1p5C-CCimp,Japan,Buildings - Residential and Commercial,Population,million,127.141,112.9753,106.2018
REMIND-MAgPIE 3.2-4.6,SSP2-1p5C-CCimp,Latin America and Caribbean,Buildings - Residential and Commercial,Population,million,622.5515,729.5408,744.9623
REMIND-MAgPIE 3.2-4.6,SSP2-1p5C-CCimp,Middle East and Africa,Buildings - Residential and Commercial,Population,million,477.7181,669.4447,724.7476
REMIND-MAgPIE 3.2-4.6,SSP2-1p5C-CCimp,Non-EU Europe,Buildings - Residential and Commercial,Population,million,111.6676,125.6939,127.3123
REMIND-MAgPIE 3.2-4.6,SSP2-1p5C-CCimp,Other Asia,Buildings - Residential and Commercial,Population,million,1180.0654,1478.0789,1541.598
REMIND-MAgPIE 3.2-4.6,SSP2-1p5C-CCimp,Russia and Former Soviet Union,Buildings - Residential and Commercial,Population,million,286.8903,290.345,289.3406
REMIND-MAgPIE 3.2-4.6,SSP2-1p5C-CCimp,Sub-Saharan Africa,Buildings - Residential and Commercial,Population,million,972.711,1688.2663,1959.0324
REMIND-MAgPIE 3.2-4.6,SSP2-1p5C-CCimp,United States,Buildings - Residential and Commercial,Population,million,320.739,369.427,387.1595
REMIND-MAgPIE 3.2-4.6,SSP1-NPi,"Canada, Australia, New Zealand",Buildings - Residential and Commercial,Energy Service,bn m2/yr,3.458,5.0143,5.3762
REMIND-MAgPIE 3.2-4.6,SSP1-NPi,China,Buildings - Residential and Commercial,Energy Service,bn m2/yr,64.6625,104.8172,105.1
REMIND-MAgPIE 3.2-4.6,SSP1-NPi,Europe,Buildings - Residential and Commercial,Energy Service,bn m2/yr,26.6618,31.1717,31.4881
REMIND-MAgPIE 3.2-4.6,SSP1-NPi,India,Buildings - Residential and Commercial,Energy Service,bn m2/yr,17.1945,41.2405,49.9888
REMIND-MAgPIE 3.2-4.6,SSP1-NPi,Japan,Buildings - Residential and Commercial,Energy Service,bn m2/yr,7.1718,7.3093,6.9802
REMIND-MAgPIE 3.2-4.6,SSP1-NPi,Latin America and Caribbean,Buildings - Residential and Commercial,Energy Service,bn m2/yr,20.8535,33.0694,36.7134
REMIND-MAgPIE 3.2-4.6,SSP1-NPi,Middle East and Africa,Buildings - Residential and Commercial,Energy Service,bn m2/yr,11.8562,21.413,25.5353
REMIND-MAgPIE 3.2-4.6,SSP1-NPi,Non-EU Europe,Buildings - Residential and Commercial,Energy Service,bn m2/yr,5.5941,7.6723,8.0224
REMIND-MAgPIE 3.2-4.6,SSP1-NPi,Other Asia,Buildings - Residential and Commercial,Energy Service,bn m2/yr,24.8573,47.1966,54.8362
REMIND-MAgPIE 3.2-4.6,SSP1-NPi,Russia and Former Soviet Union,Buildings - Residential and Commercial,Energy Service,bn m2/yr,8.8909,12.8799,13.7882
REMIND-MAgPIE 3.2-4.6,SSP1-NPi,Sub-Saharan Africa,Buildings - Residential and Commercial,Energy Service,bn m2/yr,15.2115,35.4955,47.2347
REMIND-MAgPIE 3.2-4.6,SSP1-NPi,United States,Buildings - Residential and Commercial,Energy Service,bn m2/yr,30.5187,37.5608,38.1209
REMIND-MAgPIE 3.2-4.6,SSP1-NPi,"Canada, Australia, New Zealand",Buildings - Residential and Commercial,Final Energy,EJ/yr,3.307,2.8534,2.2491
REMIND-MAgPIE 3.2-4.6,SSP1-NPi,China,Buildings - Residential and Commercial,Final Energy,EJ/yr,18.7577,33.5035,26.2945
REMIND-MAgPIE 3.2-4.6,SSP1-NPi,Europe,Buildings - Residential and Commercial,Final Energy,EJ/yr,17.8593,15.8792,12.6575
REMIND-MAgPIE 3.2-4.6,SSP1-NPi,India,Buildings - Residential and Commercial,Final Energy,EJ/yr,7.2483,11.4379,14.3773
REMIND-MAgPIE 3.2-4.6,SSP1-NPi,Japan,Buildings - Residential and Commercial,Final Energy,EJ/yr,4.0348,2.8508,2.1863
REMIND-MAgPIE 3.2-4.6,SSP1-NPi,Latin America and Caribbean,Buildings - Residential and Commercial,Final Energy,EJ/yr,5.7235,7.8207,8.7134
REMIND-MAgPIE 3.2-4.6,SSP1-NPi,Middle East and Africa,Buildings - Residential and Commercial,Final Energy,EJ/yr,7.1118,11.1791,11.2165
REMIND-MAgPIE 3.2-4.6,SSP1-NPi,Non-EU Europe,Buildings - Residential and Commercial,Final Energy,EJ/yr,2.2813,2.5604,2.3096
REMIND-MAgPIE 3.2-4.6,SSP1-NPi,Other Asia,Buildings - Residential and Commercial,Final Energy,EJ/yr,9.7433,12.5244,14.2477
REMIND-MAgPIE 3.2-4.6,SSP1-NPi,Russia and Former Soviet Union,Buildings - Residential and Commercial,Final Energy,EJ/yr,9.8129,9.628,8.2054
REMIND-MAgPIE 3.2-4.6,SSP1-NPi,Sub-Saharan Africa,Buildings - Residential and Commercial,Final Energy,EJ/yr,12.0395,12.3825,11.7038
REMIND-MAgPIE 3.2-4.6,SSP1-NPi,United States,Buildings - Residential and Commercial,Final Energy,EJ/yr,20.0933,16.4062,13.3892
REMIND-MAgPIE 3.2-4.6,SSP1-NPi,"Canada, Australia, New Zealand",Buildings - Residential and Commercial,Population,million,64.1343,77.8257,81.071
REMIND-MAgPIE 3.2-4.6,SSP1-NPi,China,Buildings - Residential and Commercial,Population,million,1411.2736,1393.1334,1327.9226
REMIND-MAgPIE 3.2-4.6,SSP1-NPi,Europe,Buildings - Residential and Commercial,Population,million,510.1029,509.9892,502.6132
REMIND-MAgPIE 3.2-4.6,SSP1-NPi,India,Buildings - Residential and Commercial,Population,million,1322.8665,1572.9139,1605.9617
REMIND-MAgPIE 3.2-4.6,SSP1-NPi,Japan,Buildings - Residential and Commercial,Population,million,127.141,112.6586,105.4099
REMIND-MAgPIE 3.2-4.6,SSP1-NPi,Latin America and Caribbean,Buildings - Residential and Commercial,Population,million,622.5515,713.9512,719.3392
REMIND-MAgPIE 3.2-4.6,SSP1-NPi,Middle East and Africa,Buildings - Residential and Commercial,Population,million,477.7181,644.3892,680.3429
REMIND-MAgPIE 3.2-4.6,SSP1-NPi,Non-EU Europe,Buildings - Residential and Commercial,Population,million,111.6676,123.9194,124.5923
REMIND-MAgPIE 3.2-4.6,SSP1-NPi,Other Asia,Buildings - Residential and Commercial,Population,million,1180.0654,1431.5572,1460.2328
REMIND-MAgPIE 3.2-4.6,SSP1-NPi,Russia and Former Soviet Union,Buildings - Residential and Commercial,Population,million,286.8903,289.4048,286.8788
REMIND-MAgPIE 3.2-4.6,SSP1-NPi,Sub-Saharan Africa,Buildings - Residential and Commercial,Population,million,972.711,1510.0457,1633.1926
REMIND-MAgPIE 3.2-4.6,SSP1-NPi,United States,Buildings - Residential and Commercial,Population,million,320.739,361.0036,370.1471
REMIND-MAgPIE 3.2-4.6,SSP1-1p5C,"Canada, Australia, New Zealand",Buildings - Residential and Commercial,Energy Service,bn m2/yr,3.458,5.0143,5.3762
REMIND-MAgPIE 3.2-4.6,SSP1-1p5C,China,Buildings - Residential and Commercial,Energy Service,bn m2/yr,64.6625,104.8172,105.1
REMIND-MAgPIE 3.2-4.6,SSP1-1p5C,Europe,Buildings - Residential and Commercial,Energy Service,bn m2/yr,26.6618,31.1717,31.4881
REMIND-MAgPIE 3.2-4.6,SSP1-1p5C,India,Buildings - Residential and Commercial,Energy Service,bn m2/yr,17.1945,41.2405,49.9888
REMIND-MAgPIE 3.2-4.6,SSP1-1p5C,Japan,Buildings - Residential and Commercial,Energy Service,bn m2/yr,7.1718,7.3093,6.9802
REMIND-MAgPIE 3.2-4.6,SSP1-1p5C,Latin America and Caribbean,Buildings - Residential and Commercial,Energy Service,bn m2/yr,20.8535,33.0694,36.7134
REMIND-MAgPIE 3.2-4.6,SSP1-1p5C,Middle East and Africa,Buildings - Residential and Commercial,Energy Service,bn m2/yr,11.8562,21.413,25.5353
REMIND-MAgPIE 3.2-4.6,SSP1-1p5C,Non-EU Europe,Buildings - Residential and Commercial,Energy Service,bn m2/yr,5.5941,7.6723,8.0224
REMIND-MAgPIE 3.2-4.6,SSP1-1p5C,Other Asia,Buildings - Residential and Commercial,Energy Service,bn m2/yr,24.8573,47.1966,54.8362
REMIND-MAgPIE 3.2-4.6,SSP1-1p5C,Russia and Former Soviet Union,Buildings - Residential and Commercial,Energy Service,bn m2/yr,8.8909,12.8799,13.7882
REMIND-MAgPIE 3.2-4.6,SSP1-1p5C,Sub-Saharan Africa,Buildings - Residential and Commercial,Energy Service,bn m2/yr,15.2115,35.4955,47.2347
REMIND-MAgPIE 3.2-4.6,SSP1-1p5C,United States,Buildings - Residential and Commercial,Energy Service,bn m2/yr,30.5187,37.5608,38.1209
REMIND-MAgPIE 3.2-4.6,SSP1-1p5C,"Canada, Australia, New Zealand",Buildings - Residential and Commercial,Final Energy,EJ/yr,1.6476,1.8368,1.6331
REMIND-MAgPIE 3.2-4.6,SSP1-1p5C,China,Buildings - Residential and Commercial,Final Energy,EJ/yr,5.8324,20.5225,17.5495
REMIND-MAgPIE 3.2-4.6,SSP1-1p5C,Europe,Buildings - Residential and Commercial,Final Energy,EJ/yr,5.8224,7.2945,6.5176
REMIND-MAgPIE 3.2-4.6,SSP1-1p5C,India,Buildings - Residential and Commercial,Final Energy,EJ/yr,1.3999,7.3162,11.1429
REMIND-MAgPIE 3.2-4.6,SSP1-1p5C,Japan,Buildings - Residential and Commercial,Final Energy,EJ/yr,2.1865,1.7082,1.5249
REMIND-MAgPIE 3.2-4.6,SSP1-1p5C,Latin America and Caribbean,Buildings - Residential and Commercial,Final Energy,EJ/yr,2.4526,5.4631,6.548
REMIND-MAgPIE 3.2-4.6,SSP1-1p5C,Middle East and Africa,Buildings - Residential and Commercial,Final Energy,EJ/yr,3.0652,5.7589,6.8662
REMIND-MAgPIE 3.2-4.6,SSP1-1p5C,Non-EU Europe,Buildings - Residential and Commercial,Final Energy,EJ/yr,0.9028,1.3952,1.4468
REMIND-MAgPIE 3.2-4.6,SSP1-1p5C,Other Asia,Buildings - Residential and Commercial,Final Energy,EJ/yr,2.8264,8.4617,11.5417
REMIND-MAgPIE 3.2-4.6,SSP1-1p5C,Russia and Former Soviet Union,Buildings - Residential and Commercial,Final Energy,EJ/yr,1.639,2.5797,2.8723
REMIND-MAgPIE 3.2-4.6,SSP1-1p5C,Sub-Saharan Africa,Buildings - Residential and Commercial,Final Energy,EJ/yr,0.5601,3.0504,5.8485
REMIND-MAgPIE 3.2-4.6,SSP1-1p5C,United States,Buildings - Residential and Commercial,Final Energy,EJ/yr,10.5999,10.1318,9.2702
REMIND-MAgPIE 3.2-4.6,SSP1-1p5C,"Canada, Australia, New Zealand",Buildings - Residential and Commercial,Population,million,64.1343,77.8257,81.071
REMIND-MAgPIE 3.2-4.6,SSP1-1p5C,China,Buildings - Residential and Commercial,Population,million,1411.2736,1393.1334,1327.9226
REMIND-MAgPIE 3.2-4.6,SSP1-1p5C,Europe,Buildings - Residential and Commercial,Population,million,510.1029,509.9892,502.6132
REMIND-MAgPIE 3.2-4.6,SSP1-1p5C,India,Buildings - Residential and Commercial,Population,million,1322.8665,1572.9139,1605.9617
REMIND-MAgPIE 3.2-4.6,SSP1-1p5C,Japan,Buildings - Residential and Commercial,Population,million,127.141,112.6586,105.4099
REMIND-MAgPIE 3.2-4.6,SSP1-1p5C,Latin America and Caribbean,Buildings - Residential and Commercial,Population,million,622.5515,713.9512,719.3392
REMIND-MAgPIE 3.2-4.6,SSP1-1p5C,Middle East and Africa,Buildings - Residential and Commercial,Population,million,477.7181,644.3892,680.3429
REMIND-MAgPIE 3.2-4.6,SSP1-1p5C,Non-EU Europe,Buildings - Residential and Commercial,Population,million,111.6676,123.9194,124.5923
REMIND-MAgPIE 3.2-4.6,SSP1-1p5C,Other Asia,Buildings - Residential and Commercial,Population,million,1180.0654,1431.5572,1460.2328
REMIND-MAgPIE 3.2-4.6,SSP1-1p5C,Russia and Former Soviet Union,Buildings - Residential and Commercial,Population,million,286.8903,289.4048,286.8788
REMIND-MAgPIE 3.2-4.6,SSP1-1p5C,Sub-Saharan Africa,Buildings - Residential and Commercial,Population,million,972.711,1510.0457,1633.1926
REMIND-MAgPIE 3.2-4.6,SSP1-1p5C,United States,Buildings - Residential and Commercial,Population,million,320.739,361.0036,370.1471
REMIND-MAgPIE 3.2-4.6,SDP_RC-1p5C-CCimp,"Canada, Australia, New Zealand",Buildings - Residential and Commercial,Energy Service,bn m2/yr,3.458,4.6099,4.8185
REMIND-MAgPIE 3.2-4.6,SDP_RC-1p5C-CCimp,China,Buildings - Residential and Commercial,Energy Service,bn m2/yr,64.6625,74.12,70.8787
REMIND-MAgPIE 3.2-4.6,SDP_RC-1p5C-CCimp,Europe,Buildings - Residential and Commercial,Energy Service,bn m2/yr,26.6618,28.3922,27.9901
REMIND-MAgPIE 3.2-4.6,SDP_RC-1p5C-CCimp,India,Buildings - Residential and Commercial,Energy Service,bn m2/yr,17.1945,44.1695,51.6025
REMIND-MAgPIE 3.2-4.6,SDP_RC-1p5C-CCimp,Japan,Buildings - Residential and Commercial,Energy Service,bn m2/yr,7.1718,6.4398,6.0056
REMIND-MAgPIE 3.2-4.6,SDP_RC-1p5C-CCimp,Latin America and Caribbean,Buildings - Residential and Commercial,Energy Service,bn m2/yr,20.8535,33.5433,35.959
REMIND-MAgPIE 3.2-4.6,SDP_RC-1p5C-CCimp,Middle East and Africa,Buildings - Residential and Commercial,Energy Service,bn m2/yr,11.8562,21.7184,25.5278
REMIND-MAgPIE 3.2-4.6,SDP_RC-1p5C-CCimp,Non-EU Europe,Buildings - Residential and Commercial,Energy Service,bn m2/yr,5.5941,7.1176,7.2455
REMIND-MAgPIE 3.2-4.6,SDP_RC-1p5C-CCimp,Other Asia,Buildings - Residential and Commercial,Energy Service,bn m2/yr,24.8573,49.3627,55.7708
REMIND-MAgPIE 3.2-4.6,SDP_RC-1p5C-CCimp,Russia and Former Soviet Union,Buildings - Residential and Commercial,Energy Service,bn m2/yr,8.8909,12.7142,13.2265
REMIND-MAgPIE 3.2-4.6,SDP_RC-1p5C-CCimp,Sub-Saharan Africa,Buildings - Residential and Commercial,Energy Service,bn m2/yr,15.2115,37.802,49.3055
REMIND-MAgPIE 3.2-4.6,SDP_RC-1p5C-CCimp,United States,Buildings - Residential and Commercial,Energy Service,bn m2/yr,30.5187,32.8288,32.8294
REMIND-MAgPIE 3.2-4.6,SDP_RC-1p5C-CCimp,"Canada, Australia, New Zealand",Buildings - Residential and Commercial,Final Energy,EJ/yr,3.307,2.0008,1.4612
REMIND-MAgPIE 3.2-4.6,SDP_RC-1p5C-CCimp,China,Buildings - Residential and Commercial,Final Energy,EJ/yr,18.7577,21.4094,13.4055
REMIND-MAgPIE 3.2-4.6,SDP_RC-1p5C-CCimp,Europe,Buildings - Residential and Commercial,Final Energy,EJ/yr,17.8593,11.0958,6.9625
REMIND-MAgPIE 3.2-4.6,SDP_RC-1p5C-CCimp,India,Buildings - Residential and Commercial,Final Energy,EJ/yr,7.2483,11.3105,11.9657
REMIND-MAgPIE 3.2-4.6,SDP_RC-1p5C-CCimp,Japan,Buildings - Residential and Commercial,Final Energy,EJ/yr,4.0348,1.9221,1.2833
REMIND-MAgPIE 3.2-4.6,SDP_RC-1p5C-CCimp,Latin America and Caribbean,Buildings - Residential and Commercial,Final Energy,EJ/yr,5.7235,7.2073,6.1785
REMIND-MAgPIE 3.2-4.6,SDP_RC-1p5C-CCimp,Middle East and Africa,Buildings - Residential and Commercial,Final Energy,EJ/yr,7.1118,10.1834,7.6944
REMIND-MAgPIE 3.2-4.6,SDP_RC-1p5C-CCimp,Non-EU Europe,Buildings - Residential and Commercial,Final Energy,EJ/yr,2.2813,1.9496,1.392
REMIND-MAgPIE 3.2-4.6,SDP_RC-1p5C-CCimp,Other Asia,Buildings - Residential and Commercial,Final Energy,EJ/yr,9.7433,12.1883,11.3538
REMIND-MAgPIE 3.2-4.6,SDP_RC-1p5C-CCimp,Russia and Former Soviet Union,Buildings - Residential and Commercial,Final Energy,EJ/yr,9.8129,6.5401,4.2339
REMIND-MAgPIE 3.2-4.6,SDP_RC-1p5C-CCimp,Sub-Saharan Africa,Buildings - Residential and Commercial,Final Energy,EJ/yr,12.0395,7.5966,7.4298
REMIND-MAgPIE 3.2-4.6,SDP_RC-1p5C-CCimp,United States,Buildings - Residential and Commercial,Final Energy,EJ/yr,20.0933,11.8198,8.506
REMIND-MAgPIE 3.2-4.6,SDP_RC-1p5C-CCimp,"Canada, Australia, New Zealand",Buildings - Residential and Commercial,Population,million,64.1343,77.8257,81.071
REMIND-MAgPIE 3.2-4.6,SDP_RC-1p5C-CCimp,China,Buildings - Residential and Commercial,Population,million,1411.2736,1393.133,1327.9226
REMIND-MAgPIE 3.2-4.6,SDP_RC-1p5C-CCimp,Europe,Buildings - Residential and Commercial,Population,million,510.1029,509.9892,502.6132
REMIND-MAgPIE 3.2-4.6,SDP_RC-1p5C-CCimp,India,Buildings - Residential and Commercial,Population,million,1322.8665,1572.914,1605.9617
REMIND-MAgPIE 3.2-4.6,SDP_RC-1p5C-CCimp,Japan,Buildings - Residential and Commercial,Population,million,127.141,112.6586,105.4099
REMIND-MAgPIE 3.2-4.6,SDP_RC-1p5C-CCimp,Latin America and Caribbean,Buildings - Residential and Commercial,Population,million,622.5515,713.9512,719.3392
REMIND-MAgPIE 3.2-4.6,SDP_RC-1p5C-CCimp,Middle East and Africa,Buildings - Residential and Commercial,Population,million,477.7181,644.3892,680.3429
REMIND-MAgPIE 3.2-4.6,SDP_RC-1p5C-CCimp,Non-EU Europe,Buildings - Residential and Commercial,Population,million,111.6676,123.9194,124.5923
REMIND-MAgPIE 3.2-4.6,SDP_RC-1p5C-CCimp,Other Asia,Buildings - Residential and Commercial,Population,million,1180.0654,1431.557,1460.2328
REMIND-MAgPIE 3.2-4.6,SDP_RC-1p5C-CCimp,Russia and Former Soviet Union,Buildings - Residential and Commercial,Population,million,286.8903,289.4048,286.8788
REMIND-MAgPIE 3.2-4.6,SDP_RC-1p5C-CCimp,Sub-Saharan Africa,Buildings - Residential and Commercial,Population,million,972.711,1510.046,1633.1926
REMIND-MAgPIE 3.2-4.6,SDP_RC-1p5C-CCimp,United States,Buildings - Residential and Commercial,Population,million,320.739,361.0036,370.1471
REMIND-MAgPIE 3.2-4.6,SDP_EI-1p5C-CCimp,"Canada, Australia, New Zealand",Buildings - Residential and Commercial,Energy Service,bn m2/yr,3.458,5.0271,5.4045
REMIND-MAgPIE 3.2-4.6,SDP_EI-1p5C-CCimp,China,Buildings - Residential and Commercial,Energy Service,bn m2/yr,64.6625,109.6972,110.0115
REMIND-MAgPIE 3.2-4.6,SDP_EI-1p5C-CCimp,Europe,Buildings - Residential and Commercial,Energy Service,bn m2/yr,26.6618,31.242,31.6449
REMIND-MAgPIE 3.2-4.6,SDP_EI-1p5C-CCimp,India,Buildings - Residential and Commercial,Energy Service,bn m2/yr,17.1945,47.8677,56.7674
REMIND-MAgPIE 3.2-4.6,SDP_EI-1p5C-CCimp,Japan,Buildings - Residential and Commercial,Energy Service,bn m2/yr,7.1718,7.3237,7.0121
REMIND-MAgPIE 3.2-4.6,SDP_EI-1p5C-CCimp,Latin America and Caribbean,Buildings - Residential and Commercial,Energy Service,bn m2/yr,20.8535,35.3079,39.0631
REMIND-MAgPIE 3.2-4.6,SDP_EI-1p5C-CCimp,Middle East and Africa,Buildings - Residential and Commercial,Energy Service,bn m2/yr,11.8562,23.4772,28.2843
REMIND-MAgPIE 3.2-4.6,SDP_EI-1p5C-CCimp,Non-EU Europe,Buildings - Residential and Commercial,Energy Service,bn m2/yr,5.5941,7.742,8.1108
REMIND-MAgPIE 3.2-4.6,SDP_EI-1p5C-CCimp,Other Asia,Buildings - Residential and Commercial,Energy Service,bn m2/yr,24.8573,53.1246,61.7202
REMIND-MAgPIE 3.2-4.6,SDP_EI-1p5C-CCimp,Russia and Former Soviet Union,Buildings - Residential and Commercial,Energy Service,bn m2/yr,8.8909,13.6445,14.6028
REMIND-MAgPIE 3.2-4.6,SDP_EI-1p5C-CCimp,Sub-Saharan Africa,Buildings - Residential and Commercial,Energy Service,bn m2/yr,15.2115,40.7516,55.2393
REMIND-MAgPIE 3.2-4.6,SDP_EI-1p5C-CCimp,United States,Buildings - Residential and Commercial,Energy Service,bn m2/yr,30.5187,35.8571,36.8188
REMIND-MAgPIE 3.2-4.6,SDP_EI-1p5C-CCimp,"Canada, Australia, New Zealand",Buildings - Residential and Commercial,Final Energy,EJ/yr,3.307,2.4092,1.8257
REMIND-MAgPIE 3.2-4.6,SDP_EI-1p5C-CCimp,China,Buildings - Residential and Commercial,Final Energy,EJ/yr,18.7577,29.029,21.6589
REMIND-MAgPIE 3.2-4.6,SDP_EI-1p5C-CCimp,Europe,Buildings - Residential and Commercial,Final Energy,EJ/yr,17.8593,13.0737,9.1706
REMIND-MAgPIE 3.2-4.6,SDP_EI-1p5C-CCimp,India,Buildings - Residential and Commercial,Final Energy,EJ/yr,7.2483,13.5237,16.7471
REMIND-MAgPIE 3.2-4.6,SDP_EI-1p5C-CCimp,Japan,Buildings - Residential and Commercial,Final Energy,EJ/yr,4.0348,2.3038,1.751
REMIND-MAgPIE 3.2-4.6,SDP_EI-1p5C-CCimp,Latin America and Caribbean,Buildings - Residential and Commercial,Final Energy,EJ/yr,5.7235,8.5494,9.1987
REMIND-MAgPIE 3.2-4.6,SDP_EI-1p5C-CCimp,Middle East and Africa,Buildings - Residential and Commercial,Final Energy,EJ/yr,7.1118,11.0918,9.5389
REMIND-MAgPIE 3.2-4.6,SDP_EI-1p5C-CCimp,Non-EU Europe,Buildings - Residential and Commercial,Final Energy,EJ/yr,2.2813,2.2131,1.8162
REMIND-MAgPIE 3.2-4.6,SDP_EI-1p5C-CCimp,Other Asia,Buildings - Residential and Commercial,Final Energy,EJ/yr,9.7433,14.6082,16.6449
REMIND-MAgPIE 3.2-4.6,SDP_EI-1p5C-CCimp,Russia and Former Soviet Union,Buildings - Residential and Commercial,Final Energy,EJ/yr,9.8129,7.3145,5.149
REMIND-MAgPIE 3.2-4.6,SDP_EI-1p5C-CCimp,Sub-Saharan Africa,Buildings - Residential and Commercial,Final Energy,EJ/yr,12.0395,7.9848,9.8169
REMIND-MAgPIE 3.2-4.6,SDP_EI-1p5C-CCimp,United States,Buildings - Residential and Commercial,Final Energy,EJ/yr,20.0933,13.4585,10.8847
REMIND-MAgPIE 3.2-4.6,SDP_EI-1p5C-CCimp,"Canada, Australia, New Zealand",Buildings - Residential and Commercial,Population,million,64.1343,77.8257,81.071
REMIND-MAgPIE 3.2-4.6,SDP_EI-1p5C-CCimp,China,Buildings - Residential and Commercial,Population,million,1411.2736,1393.1334,1327.9226
REMIND-MAgPIE 3.2-4.6,SDP_EI-1p5C-CCimp,Europe,Buildings - Residential and Commercial,Population,million,510.1029,509.9892,502.6132
REMIND-MAgPIE 3.2-4.6,SDP_EI-1p5C-CCimp,India,Buildings - Residential and Commercial,Population,million,1322.8665,1572.9139,1605.9617
REMIND-MAgPIE 3.2-4.6,SDP_EI-1p5C-CCimp,Japan,Buildings - Residential and Commercial,Population,million,127.141,112.6586,105.4099
REMIND-MAgPIE 3.2-4.6,SDP_EI-1p5C-CCimp,Latin America and Caribbean,Buildings - Residential and Commercial,Population,million,622.5515,713.9512,719.3392
REMIND-MAgPIE 3.2-4.6,SDP_EI-1p5C-CCimp,Middle East and Africa,Buildings - Residential and Commercial,Population,million,477.7181,644.3892,680.3429
REMIND-MAgPIE 3.2-4.6,SDP_EI-1p5C-CCimp,Non-EU Europe,Buildings - Residential and Commercial,Population,million,111.6676,123.9194,124.5923
REMIND-MAgPIE 3.2-4.6,SDP_EI-1p5C-CCimp,Other Asia,Buildings - Residential and Commercial,Population,million,1180.0654,1431.5572,1460.2328
REMIND-MAgPIE 3.2-4.6,SDP_EI-1p5C-CCimp,Russia and Former Soviet Union,Buildings - Residential and Commercial,Population,million,286.8903,289.4048,286.8788
REMIND-MAgPIE 3.2-4.6,SDP_EI-1p5C-CCimp,Sub-Saharan Africa,Buildings - Residential and Commercial,Population,million,972.711,1510.0457,1633.1926
REMIND-MAgPIE 3.2-4.6,SDP_EI-1p5C-CCimp,United States,Buildings - Residential and Commercial,Population,million,320.739,361.0036,370.1471
REMIND-MAgPIE 3.2-4.6,SDP_MC-1p5C-CCimp,"Canada, Australia, New Zealand",Buildings - Residential and Commercial,Energy Service,bn m2/yr,3.458,4.7955,5.1064
REMIND-MAgPIE 3.2-4.6,SDP_MC-1p5C-CCimp,China,Buildings - Residential and Commercial,Energy Service,bn m2/yr,64.6625,88.4076,84.7308
REMIND-MAgPIE 3.2-4.6,SDP_MC-1p5C-CCimp,Europe,Buildings - Residential and Commercial,Energy Service,bn m2/yr,26.6618,30.8392,30.907
REMIND-MAgPIE 3.2-4.6,SDP_MC-1p5C-CCimp,India,Buildings - Residential and Commercial,Energy Service,bn m2/yr,17.1945,44.627,53.063
REMIND-MAgPIE 3.2-4.6,SDP_MC-1p5C-CCimp,Japan,Buildings - Residential and Commercial,Energy Service,bn m2/yr,7.1718,7.2578,6.8653
REMIND-MAgPIE 3.2-4.6,SDP_MC-1p5C-CCimp,Latin America and Caribbean,Buildings - Residential and Commercial,Energy Service,bn m2/yr,20.8535,34.372,37.8429
REMIND-MAgPIE 3.2-4.6,SDP_MC-1p5C-CCimp,Middle East and Africa,Buildings - Residential and Commercial,Energy Service,bn m2/yr,11.8562,22.1943,26.4081
REMIND-MAgPIE 3.2-4.6,SDP_MC-1p5C-CCimp,Non-EU Europe,Buildings - Residential and Commercial,Energy Service,bn m2/yr,5.5941,7.3952,7.6766
REMIND-MAgPIE 3.2-4.6,SDP_MC-1p5C-CCimp,Other Asia,Buildings - Residential and Commercial,Energy Service,bn m2/yr,24.8573,50.6754,58.269
REMIND-MAgPIE 3.2-4.6,SDP_MC-1p5C-CCimp,Russia and Former Soviet Union,Buildings - Residential and Commercial,Energy Service,bn m2/yr,8.8909,13.2577,14.1202
REMIND-MAgPIE 3.2-4.6,SDP_MC-1p5C-CCimp,Sub-Saharan Africa,Buildings - Residential and Commercial,Energy Service,bn m2/yr,15.2115,38.2394,50.5199
REMIND-MAgPIE 3.2-4.6,SDP_MC-1p5C-CCimp,United States,Buildings - Residential and Commercial,Energy Service,bn m2/yr,30.5187,33.4822,33.7678
REMIND-MAgPIE 3.2-4.6,SDP_MC-1p5C-CCimp,"Canada, Australia, New Zealand",Buildings - Residential and Commercial,Final Energy,EJ/yr,3.307,2.0666,1.5437
REMIND-MAgPIE 3.2-4.6,SDP_MC-1p5C-CCimp,China,Buildings - Residential and Commercial,Final Energy,EJ/yr,18.7577,24.2267,16.3204
REMIND-MAgPIE 3.2-4.6,SDP_MC-1p5C-CCimp,Europe,Buildings - Residential and Commercial,Final Energy,EJ/yr,17.8593,11.21,7.4478
REMIND-MAgPIE 3.2-4.6,SDP_MC-1p5C-CCimp,India,Buildings - Residential and Commercial,Final Energy,EJ/yr,7.2483,11.0859,12.8421
REMIND-MAgPIE 3.2-4.6,SDP_MC-1p5C-CCimp,Japan,Buildings - Residential and Commercial,Final Energy,EJ/yr,4.0348,2.0886,1.4136
REMIND-MAgPIE 3.2-4.6,SDP_MC-1p5C-CCimp,Latin America and Caribbean,Buildings - Residential and Commercial,Final Energy,EJ/yr,5.7235,7.3689,7.1037
REMIND-MAgPIE 3.2-4.6,SDP_MC-1p5C-CCimp,Middle East and Africa,Buildings - Residential and Commercial,Final Energy,EJ/yr,7.1118,10.3503,8.5556
REMIND-MAgPIE 3.2-4.6,SDP_MC-1p5C-CCimp,Non-EU Europe,Buildings - Residential and Commercial,Final Energy,EJ/yr,2.2813,1.9351,1.5352
REMIND-MAgPIE 3.2-4.6,SDP_MC-1p5C-CCimp,Other Asia,Buildings - Residential and Commercial,Final Energy,EJ/yr,9.7433,12.6429,12.9899
REMIND-MAgPIE 3.2-4.6,SDP_MC-1p5C-CCimp,Russia and Former Soviet Union,Buildings - Residential and Commercial,Final Energy,EJ/yr,9.8129,6.7466,4.5144
REMIND-MAgPIE 3.2-4.6,SDP_MC-1p5C-CCimp,Sub-Saharan Africa,Buildings - Residential and Commercial,Final Energy,EJ/yr,12.0395,7.6979,7.4589
REMIND-MAgPIE 3.2-4.6,SDP_MC-1p5C-CCimp,United States,Buildings - Residential and Commercial,Final Energy,EJ/yr,20.0933,11.4595,8.6692
REMIND-MAgPIE 3.2-4.6,SDP_MC-1p5C-CCimp,"Canada, Australia, New Zealand",Buildings - Residential and Commercial,Population,million,64.1343,77.8257,81.071
REMIND-MAgPIE 3.2-4.6,SDP_MC-1p5C-CCimp,China,Buildings - Residential and Commercial,Population,million,1411.2736,1393.1334,1327.9226
REMIND-MAgPIE 3.2-4.6,SDP_MC-1p5C-CCimp,Europe,Buildings - Residential and Commercial,Population,million,510.1029,509.9892,502.6132
REMIND-MAgPIE 3.2-4.6,SDP_MC-1p5C-CCimp,India,Buildings - Residential and Commercial,Population,million,1322.8665,1572.9139,1605.9617
REMIND-MAgPIE 3.2-4.6,SDP_MC-1p5C-CCimp,Japan,Buildings - Residential and Commercial,Population,million,127.141,112.6586,105.4099
REMIND-MAgPIE 3.2-4.6,SDP_MC-1p5C-CCimp,Latin America and Caribbean,Buildings - Residential and Commercial,Population,million,622.5515,713.9512,719.3392
REMIND-MAgPIE 3.2-4.6,SDP_MC-1p5C-CCimp,Middle East and Africa,Buildings - Residential and Commercial,Population,million,477.7181,644.3892,680.3429
REMIND-MAgPIE 3.2-4.6,SDP_MC-1p5C-CCimp,Non-EU Europe,Buildings - Residential and Commercial,Population,million,111.6676,123.9194,124.5923
REMIND-MAgPIE 3.2-4.6,SDP_MC-1p5C-CCimp,Other Asia,Buildings - Residential and Commercial,Population,million,1180.0654,1431.5572,1460.2328
REMIND-MAgPIE 3.2-4.6,SDP_MC-1p5C-CCimp,Russia and Former Soviet Union,Buildings - Residential and Commercial,Population,million,286.8903,289.4048,286.8788
REMIND-MAgPIE 3.2-4.6,SDP_MC-1p5C-CCimp,Sub-Saharan Africa,Buildings - Residential and Commercial,Population,million,972.711,1510.0457,1633.1926
REMIND-MAgPIE 3.2-4.6,SDP_MC-1p5C-CCimp,United States,Buildings - Residential and Commercial,Population,million,320.739,361.0036,370.1471
REMIND-MAgPIE 3.2-4.6,SDP_EI-1p5C-CCimp,WLD,Buildings - Residential and Commercial,Emissions,Mt CO2e/yr,3063.2464999999997,1089.0146,281.2254
REMIND-MAgPIE 3.2-4.6,SDP_EI-1p5C-CCimp,WLD,Buildings - Residential and Commercial,Energy Service,bn m2/yr,236.93079999999998,411.06260000000003,454.6797
REMIND-MAgPIE 3.2-4.6,SDP_EI-1p5C-CCimp,WLD,Buildings - Residential and Commercial,Final Energy,EJ/yr,118.0127,125.55969999999999,114.2026
REMIND-MAgPIE 3.2-4.6,SDP_EI-1p5C-CCimp,WLD,Buildings - Residential and Commercial,Population,million,7407.8612,8740.7919,8897.7041
REMIND-MAgPIE 3.2-4.6,SDP_MC-1p5C-CCimp,WLD,Buildings - Residential and Commercial,Emissions,Mt CO2e/yr,3063.2464999999997,824.9947,208.3391
REMIND-MAgPIE 3.2-4.6,SDP_MC-1p5C-CCimp,WLD,Buildings - Residential and Commercial,Energy Service,bn m2/yr,236.93079999999998,375.54330000000004,409.277
REMIND-MAgPIE 3.2-4.6,SDP_MC-1p5C-CCimp,WLD,Buildings - Residential and Commercial,Final Energy,EJ/yr,118.0127,108.879,90.3945
REMIND-MAgPIE 3.2-4.6,SDP_MC-1p5C-CCimp,WLD,Buildings - Residential and Commercial,Population,million,7407.8612,8740.7919,8897.7041
REMIND-MAgPIE 3.2-4.6,SDP_RC-1p5C-CCimp,WLD,Buildings - Residential and Commercial,Emissions,Mt CO2e/yr,3063.2464999999997,946.9212,268.3361
REMIND-MAgPIE 3.2-4.6,SDP_RC-1p5C-CCimp,WLD,Buildings - Residential and Commercial,Energy Service,bn m2/yr,236.93079999999998,352.8184,381.1599
REMIND-MAgPIE 3.2-4.6,SDP_RC-1p5C-CCimp,WLD,Buildings - Residential and Commercial,Final Energy,EJ/yr,118.0127,105.22370000000001,81.8666
REMIND-MAgPIE 3.2-4.6,SDP_RC-1p5C-CCimp,WLD,Buildings - Residential and Commercial,Population,million,7407.8612,8740.7917,8897.7041
REMIND-MAgPIE 3.2-4.6,SSP1-1p5C,WLD,Buildings - Residential and Commercial,Emissions,Mt CO2e/yr,3063.2464999999997,1600.1897999999999,731.6103
REMIND-MAgPIE 3.2-4.6,SSP1-1p5C,WLD,Buildings - Residential and Commercial,Energy Service,bn m2/yr,236.93079999999998,384.8405,423.1844
REMIND-MAgPIE 3.2-4.6,SSP1-1p5C,WLD,Buildings - Residential and Commercial,Final Energy,EJ/yr,38.934799999999996,75.519,82.76169999999999
REMIND-MAgPIE 3.2-4.6,SSP1-1p5C,WLD,Buildings - Residential and Commercial,Population,million,7407.8612,8740.7919,8897.7041
REMIND-MAgPIE 3.2-4.6,SSP1-NPi,WLD,Buildings - Residential and Commercial,Emissions,Mt CO2e/yr,3063.2464999999997,2848.8624,2391.9242
REMIND-MAgPIE 3.2-4.6,SSP1-NPi,WLD,Buildings - Residential and Commercial,Energy Service,bn m2/yr,236.93079999999998,384.8405,423.1844
REMIND-MAgPIE 3.2-4.6,SSP1-NPi,WLD,Buildings - Residential and Commercial,Final Energy,EJ/yr,118.0127,139.0261,127.5503
REMIND-MAgPIE 3.2-4.6,SSP1-NPi,WLD,Buildings - Residential and Commercial,Population,million,7407.8612,8740.7919,8897.7041
REMIND-MAgPIE 3.2-4.6,SSP2-1p5C-CCimp,WLD,Buildings - Residential and Commercial,Emissions,Mt CO2e/yr,6126.4929999999995,2805.661,1210.133
REMIND-MAgPIE 3.2-4.6,SSP2-1p5C-CCimp,WLD,Buildings - Residential and Commercial,Energy Service,bn m2/yr,473.86159999999995,742.3034,828.4608
REMIND-MAgPIE 3.2-4.6,SSP2-1p5C-CCimp,WLD,Buildings - Residential and Commercial,Final Energy,EJ/yr,236.0254,240.4388,247.804
REMIND-MAgPIE 3.2-4.6,SSP2-1p5C-CCimp,WLD,Buildings - Residential and Commercial,Population,million,14815.0518,18111.79,18898.7534
REMIndia-MAgPIE 3.2-4.6,SSP2-NPi-CCimp,WLD,Buildings - Residential and Commercial,Emissions,Mt CO2e/yr,3063.2464999999997,3499.2131,3754.9641
REMIndia-MAgPIE 3.2-4.6,SSP2-NPi-CCimp,WLD,Buildings - Residential and Commercial,Energy Service,bn m2/yr,236.93079999999998,371.1517,414.2304
REMIndia-MAgPIE 3.2-4.6,SSP2-NPi-CCimp,WLD,Buildings - Residential and Commercial,Final Energy,EJ/yr,118.0127,152.9894,157.9841
REMIndia-MAgPIE 3.2-4.6,SSP2-NPi-CCimp,WLD,Buildings - Residential and Commercial,Population,million,7407.5259,9055.895,9449.3767
