country,decile,year,ewbi_score,primary_score,eu_priority_score,secondary_score,eu_priority,secondary_indicator,primary_index
AT,All Deciles,2004,0.5628255467333396,0.2958379480668551,,,placeholder,placeholder,placeholder
AT,All Deciles,2005,0.5656535952181956,0.2958379480668551,,,placeholder,placeholder,placeholder
AT,All Deciles,2006,0.5607209902563419,0.2958379480668551,,,placeholder,placeholder,placeholder
AT,All Deciles,2007,0.5545301402969647,0.2958379480668551,,,placeholder,placeholder,placeholder
AT,All Deciles,2008,0.5535749756881893,0.2958379480668551,,,placeholder,placeholder,placeholder
AT,All Deciles,2009,0.5542317151542521,0.2958379480668551,,,placeholder,placeholder,placeholder
AT,All Deciles,2010,0.5524979241030019,0.2958379480668551,,,placeholder,placeholder,placeholder
AT,All Deciles,2011,0.55589195251392,0.2958379480668551,,,placeholder,placeholder,placeholder
AT,All Deciles,2012,0.5593563426355912,0.2958379480668551,,,placeholder,placeholder,placeholder
AT,All Deciles,2013,0.5623452525966124,0.2958379480668551,,,placeholder,placeholder,placeholder
AT,All Deciles,2014,0.5570122045866369,0.2060578196692786,,,placeholder,placeholder,placeholder
AT,All Deciles,2015,0.571898835816151,0.42150304938931,,,placeholder,placeholder,placeholder
AT,All Deciles,2016,0.5652888473906273,0.42150304938931,,,placeholder,placeholder,placeholder
AT,All Deciles,2017,0.5642510330399084,0.42150304938931,,,placeholder,placeholder,placeholder
AT,All Deciles,2018,0.5657229486016819,0.42150304938931,,,placeholder,placeholder,placeholder
AT,All Deciles,2019,0.5668255766418533,0.42150304938931,,,placeholder,placeholder,placeholder
AT,All Deciles,2020,0.5736429535478978,0.42150304938931,,,placeholder,placeholder,placeholder
AT,All Deciles,2021,0.5829657800743834,0.42150304938931,,,placeholder,placeholder,placeholder
AT,All Deciles,2022,0.5759661456283716,0.42150304938931,,,placeholder,placeholder,placeholder
AT,All Deciles,2023,0.5716276113315694,0.42150304938931,,,placeholder,placeholder,placeholder
BE,All Deciles,2004,0.6582626890886432,0.4791507154005253,,,placeholder,placeholder,placeholder
BE,All Deciles,2005,0.6589741274504777,0.4791507154005253,,,placeholder,placeholder,placeholder
BE,All Deciles,2006,0.662346351073181,0.4791507154005253,,,placeholder,placeholder,placeholder
BE,All Deciles,2007,0.6621642738025358,0.4791507154005253,,,placeholder,placeholder,placeholder
BE,All Deciles,2008,0.6612176525653787,0.4791507154005253,,,placeholder,placeholder,placeholder
BE,All Deciles,2009,0.6628683382270361,0.4791507154005253,,,placeholder,placeholder,placeholder
BE,All Deciles,2010,0.6647828503698952,0.4791507154005253,,,placeholder,placeholder,placeholder
BE,All Deciles,2011,0.6647472787351164,0.4791507154005253,,,placeholder,placeholder,placeholder
BE,All Deciles,2012,0.6665382588643839,0.4791507154005253,,,placeholder,placeholder,placeholder
BE,All Deciles,2013,0.6766567447311388,0.4791507154005253,,,placeholder,placeholder,placeholder
BE,All Deciles,2014,0.674717485235533,0.4736349164147592,,,placeholder,placeholder,placeholder
BE,All Deciles,2015,0.710215230286514,0.5284991930478175,,,placeholder,placeholder,placeholder
BE,All Deciles,2016,0.7088622906458298,0.5284991930478175,,,placeholder,placeholder,placeholder
BE,All Deciles,2017,0.7064411358517314,0.5284991930478175,,,placeholder,placeholder,placeholder
BE,All Deciles,2018,0.703518044160736,0.5284991930478175,,,placeholder,placeholder,placeholder
BE,All Deciles,2019,0.7018068018161919,0.5284991930478175,,,placeholder,placeholder,placeholder
BE,All Deciles,2020,0.6690514588913801,0.5284991930478175,,,placeholder,placeholder,placeholder
BE,All Deciles,2021,0.6739774415859006,0.5284991930478175,,,placeholder,placeholder,placeholder
BE,All Deciles,2022,0.6787003989499069,0.5284991930478175,,,placeholder,placeholder,placeholder
BE,All Deciles,2023,0.6712742882075534,0.5284991930478175,,,placeholder,placeholder,placeholder
BG,All Deciles,2004,0.5400467279802765,0.1077773342612221,,,placeholder,placeholder,placeholder
BG,All Deciles,2005,0.5396868186245924,0.1077773342612221,,,placeholder,placeholder,placeholder
BG,All Deciles,2006,0.5406108109620099,0.1077773342612221,,,placeholder,placeholder,placeholder
BG,All Deciles,2007,0.5394133617761535,0.1077773342612221,,,placeholder,placeholder,placeholder
BG,All Deciles,2008,0.5489239458079406,0.1077773342612221,,,placeholder,placeholder,placeholder
BG,All Deciles,2009,0.5577555638656442,0.1077773342612221,,,placeholder,placeholder,placeholder
BG,All Deciles,2010,0.5572038437895159,0.1077773342612221,,,placeholder,placeholder,placeholder
BG,All Deciles,2011,0.5603154031179649,0.1077773342612221,,,placeholder,placeholder,placeholder
BG,All Deciles,2012,0.5608178122011167,0.1077773342612221,,,placeholder,placeholder,placeholder
BG,All Deciles,2013,0.5689761184476928,0.1077773342612221,,,placeholder,placeholder,placeholder
BG,All Deciles,2014,0.5765589310898235,0.1067406417149751,,,placeholder,placeholder,placeholder
BG,All Deciles,2015,0.612895392258919,0.4603810663516352,,,placeholder,placeholder,placeholder
BG,All Deciles,2016,0.6171898131080851,0.4603810663516352,,,placeholder,placeholder,placeholder
BG,All Deciles,2017,0.6139195247915087,0.4603810663516352,,,placeholder,placeholder,placeholder
BG,All Deciles,2018,0.6238494939028736,0.4603810663516352,,,placeholder,placeholder,placeholder
BG,All Deciles,2019,0.6253782693631312,0.4603810663516352,,,placeholder,placeholder,placeholder
BG,All Deciles,2020,0.4039802755216704,0.4603810663516352,,,placeholder,placeholder,placeholder
BG,All Deciles,2021,0.4192064343873752,0.4603810663516352,,,placeholder,placeholder,placeholder
BG,All Deciles,2022,0.4263557221020292,0.4603810663516352,,,placeholder,placeholder,placeholder
BG,All Deciles,2023,0.4231382937884249,0.4603810663516352,,,placeholder,placeholder,placeholder
CH,All Deciles,2004,0.6825793993886552,0.4844342179627867,,,placeholder,placeholder,placeholder
CH,All Deciles,2005,0.6822638613271256,0.4973390400266452,,,placeholder,placeholder,placeholder
CH,All Deciles,2006,0.6801313044023567,0.4829767857097039,,,placeholder,placeholder,placeholder
CH,All Deciles,2007,0.6738465404274132,0.4720145167107853,,,placeholder,placeholder,placeholder
CH,All Deciles,2008,0.672649406208129,0.3430214680237083,,,placeholder,placeholder,placeholder
CH,All Deciles,2009,0.6738115540373855,0.4307740398780109,,,placeholder,placeholder,placeholder
CH,All Deciles,2010,0.6981668877506577,0.3865497770548701,,,placeholder,placeholder,placeholder
CH,All Deciles,2011,0.7171359371773762,0.5071537569006079,,,placeholder,placeholder,placeholder
CH,All Deciles,2012,0.7187715760452094,0.4488204010631967,,,placeholder,placeholder,placeholder
CH,All Deciles,2013,0.7202876654521431,0.5194511148405491,,,placeholder,placeholder,placeholder
CH,All Deciles,2014,0.7026470602376572,0.380532081737985,,,placeholder,placeholder,placeholder
CH,All Deciles,2015,0.7250350024964416,0.7533296985085578,,,placeholder,placeholder,placeholder
CH,All Deciles,2016,0.7154600130155964,0.7503876054073848,,,placeholder,placeholder,placeholder
CH,All Deciles,2017,0.7217197804875026,0.7640697138273377,,,placeholder,placeholder,placeholder
CH,All Deciles,2018,0.7143547200873698,0.7289565070709856,,,placeholder,placeholder,placeholder
CH,All Deciles,2019,0.7063894966621611,0.6929812055038582,,,placeholder,placeholder,placeholder
CH,All Deciles,2020,0.7157233238858496,0.6948158003394023,,,placeholder,placeholder,placeholder
CH,All Deciles,2021,0.7077589136704437,0.5300353985045501,,,placeholder,placeholder,placeholder
CH,All Deciles,2022,0.7178608079140791,0.7119015068369551,,,placeholder,placeholder,placeholder
CH,All Deciles,2023,0.716181191875998,0.707511144396463,,,placeholder,placeholder,placeholder
CY,All Deciles,2004,0.5278771131329237,0.1777975395865671,,,placeholder,placeholder,placeholder
CY,All Deciles,2005,0.5286735220364825,0.1777975395865671,,,placeholder,placeholder,placeholder
CY,All Deciles,2006,0.5277750538354014,0.1777975395865671,,,placeholder,placeholder,placeholder
CY,All Deciles,2007,0.5271705456733088,0.1777975395865671,,,placeholder,placeholder,placeholder
CY,All Deciles,2008,0.5309851302035171,0.1777975395865671,,,placeholder,placeholder,placeholder
CY,All Deciles,2009,0.5295848891562241,0.1777975395865671,,,placeholder,placeholder,placeholder
CY,All Deciles,2010,0.5199316750105039,0.1777975395865671,,,placeholder,placeholder,placeholder
CY,All Deciles,2011,0.5114248350285431,0.1777975395865671,,,placeholder,placeholder,placeholder
CY,All Deciles,2012,0.5086919970819752,0.1777975395865671,,,placeholder,placeholder,placeholder
CY,All Deciles,2013,0.4928781150039916,0.1777975395865671,,,placeholder,placeholder,placeholder
CY,All Deciles,2014,0.4885356845596812,0.17722024355159,,,placeholder,placeholder,placeholder
CY,All Deciles,2015,0.5135251143464852,0.3387016608248007,,,placeholder,placeholder,placeholder
CY,All Deciles,2016,0.5191997966805139,0.3387016608248007,,,placeholder,placeholder,placeholder
CY,All Deciles,2017,0.5205158063596729,0.3387016608248007,,,placeholder,placeholder,placeholder
CY,All Deciles,2018,0.522129006777364,0.3387016608248007,,,placeholder,placeholder,placeholder
CY,All Deciles,2019,0.5312163264320124,0.3387016608248007,,,placeholder,placeholder,placeholder
CY,All Deciles,2020,0.5284290461503464,0.3387016608248007,,,placeholder,placeholder,placeholder
CY,All Deciles,2021,0.5452942376696435,0.3387016608248007,,,placeholder,placeholder,placeholder
CY,All Deciles,2022,0.5544590162199469,0.3387016608248007,,,placeholder,placeholder,placeholder
CY,All Deciles,2023,0.5594361094731845,0.3387016608248007,,,placeholder,placeholder,placeholder
CZ,All Deciles,2004,0.4957072109965508,0.4284482988711679,,,placeholder,placeholder,placeholder
CZ,All Deciles,2005,0.4954815100658623,0.4284482988711679,,,placeholder,placeholder,placeholder
CZ,All Deciles,2006,0.4958960032371546,0.4284482988711679,,,placeholder,placeholder,placeholder
CZ,All Deciles,2007,0.5005514494756508,0.4284482988711679,,,placeholder,placeholder,placeholder
CZ,All Deciles,2008,0.5005337285098598,0.4284482988711679,,,placeholder,placeholder,placeholder
CZ,All Deciles,2009,0.5008488435410626,0.4284482988711679,,,placeholder,placeholder,placeholder
CZ,All Deciles,2010,0.5048479457248022,0.4284482988711679,,,placeholder,placeholder,placeholder
CZ,All Deciles,2011,0.4983281437084631,0.4284482988711679,,,placeholder,placeholder,placeholder
CZ,All Deciles,2012,0.4968192301829257,0.4284482988711679,,,placeholder,placeholder,placeholder
CZ,All Deciles,2013,0.5034285754367134,0.4284482988711679,,,placeholder,placeholder,placeholder
CZ,All Deciles,2014,0.5052213836043136,0.4251334159747919,,,placeholder,placeholder,placeholder
CZ,All Deciles,2015,0.5080015700525353,0.3145893795866565,,,placeholder,placeholder,placeholder
CZ,All Deciles,2016,0.5110122711041998,0.3145893795866565,,,placeholder,placeholder,placeholder
CZ,All Deciles,2017,0.509828432706284,0.3145893795866565,,,placeholder,placeholder,placeholder
CZ,All Deciles,2018,0.5155595518874594,0.3145893795866565,,,placeholder,placeholder,placeholder
CZ,All Deciles,2019,0.5154848230282727,0.3145893795866565,,,placeholder,placeholder,placeholder
CZ,All Deciles,2020,0.5167777519133618,0.3145893795866565,,,placeholder,placeholder,placeholder
CZ,All Deciles,2021,0.5012041650502281,0.3145893795866565,,,placeholder,placeholder,placeholder
CZ,All Deciles,2022,0.5018774079371394,0.3145893795866565,,,placeholder,placeholder,placeholder
CZ,All Deciles,2023,0.4951376484014609,0.3145893795866565,,,placeholder,placeholder,placeholder
DE,All Deciles,2004,0.7612403893938955,0.6931666786367723,,,placeholder,placeholder,placeholder
DE,All Deciles,2005,0.760883589956581,0.6931666786367723,,,placeholder,placeholder,placeholder
DE,All Deciles,2006,0.7531891784714856,0.6931666786367723,,,placeholder,placeholder,placeholder
DE,All Deciles,2007,0.7575325307498022,0.6931666786367723,,,placeholder,placeholder,placeholder
DE,All Deciles,2008,0.7611681450053331,0.6931666786367723,,,placeholder,placeholder,placeholder
DE,All Deciles,2009,0.7634926392566977,0.6931666786367723,,,placeholder,placeholder,placeholder
DE,All Deciles,2010,0.7647349935974322,0.6931666786367723,,,placeholder,placeholder,placeholder
DE,All Deciles,2011,0.7656503962362726,0.6931666786367723,,,placeholder,placeholder,placeholder
DE,All Deciles,2012,0.7668037476988313,0.6931666786367723,,,placeholder,placeholder,placeholder
DE,All Deciles,2013,0.7723181309656353,0.6931666786367723,,,placeholder,placeholder,placeholder
DE,All Deciles,2014,0.7737871468725063,0.6837671152904076,,,placeholder,placeholder,placeholder
DE,All Deciles,2015,0.5244572875650804,0.6393113737987897,,,placeholder,placeholder,placeholder
DE,All Deciles,2016,0.5282544227091378,0.6393113737987897,,,placeholder,placeholder,placeholder
DE,All Deciles,2017,0.536189086235471,0.6393113737987897,,,placeholder,placeholder,placeholder
DE,All Deciles,2018,0.5350886663298462,0.6393113737987897,,,placeholder,placeholder,placeholder
DE,All Deciles,2019,0.5360532053718642,0.6393113737987897,,,placeholder,placeholder,placeholder
DE,All Deciles,2020,0.6638119725695565,0.6393113737987897,,,placeholder,placeholder,placeholder
DE,All Deciles,2021,0.6722029528921013,0.6393113737987897,,,placeholder,placeholder,placeholder
DE,All Deciles,2022,0.658058785076906,0.6393113737987897,,,placeholder,placeholder,placeholder
DE,All Deciles,2023,0.65357978376484,0.6393113737987897,,,placeholder,placeholder,placeholder
DK,All Deciles,2004,0.5765732740876416,0.7773898164177131,,,placeholder,placeholder,placeholder
DK,All Deciles,2005,0.5739371605436867,0.7773898164177131,,,placeholder,placeholder,placeholder
DK,All Deciles,2006,0.5664539454305547,0.7773898164177131,,,placeholder,placeholder,placeholder
DK,All Deciles,2007,0.568050843941291,0.7773898164177131,,,placeholder,placeholder,placeholder
DK,All Deciles,2008,0.5742186333951863,0.7773898164177131,,,placeholder,placeholder,placeholder
DK,All Deciles,2009,0.5722707637763105,0.7773898164177131,,,placeholder,placeholder,placeholder
DK,All Deciles,2010,0.5735997018194362,0.7773898164177131,,,placeholder,placeholder,placeholder
DK,All Deciles,2011,0.5742377279017452,0.7773898164177131,,,placeholder,placeholder,placeholder
DK,All Deciles,2012,0.572148555766488,0.7773898164177131,,,placeholder,placeholder,placeholder
DK,All Deciles,2013,0.5753805339975733,0.7773898164177131,,,placeholder,placeholder,placeholder
DK,All Deciles,2014,0.5738856065095432,0.7658816116210533,,,placeholder,placeholder,placeholder
DK,All Deciles,2015,0.5630753247649154,0.6949201882468808,,,placeholder,placeholder,placeholder
DK,All Deciles,2016,0.5545444915428339,0.6949201882468808,,,placeholder,placeholder,placeholder
DK,All Deciles,2017,0.5513193158237008,0.6949201882468808,,,placeholder,placeholder,placeholder
DK,All Deciles,2018,0.548974714776959,0.6949201882468808,,,placeholder,placeholder,placeholder
DK,All Deciles,2019,0.5448627803188033,0.6949201882468808,,,placeholder,placeholder,placeholder
DK,All Deciles,2020,0.5126649544878431,0.6949201882468808,,,placeholder,placeholder,placeholder
DK,All Deciles,2021,0.4936218964014313,0.6949201882468808,,,placeholder,placeholder,placeholder
DK,All Deciles,2022,0.48946941075757,0.6949201882468808,,,placeholder,placeholder,placeholder
DK,All Deciles,2023,0.4826404440322152,0.6949201882468808,,,placeholder,placeholder,placeholder
EA,All Deciles,2004,0.6526758361971914,0.7628023384208952,,,placeholder,placeholder,placeholder
EA,All Deciles,2005,0.6526758361971914,0.7628023384208952,,,placeholder,placeholder,placeholder
EA,All Deciles,2006,0.6526758361971914,0.7628023384208952,,,placeholder,placeholder,placeholder
EA,All Deciles,2007,0.6526758361971914,0.7628023384208952,,,placeholder,placeholder,placeholder
EA,All Deciles,2008,0.6526758361971914,0.7628023384208952,,,placeholder,placeholder,placeholder
EA,All Deciles,2009,0.6526758361971914,0.7628023384208952,,,placeholder,placeholder,placeholder
EA,All Deciles,2010,0.6526758361971914,0.7628023384208952,,,placeholder,placeholder,placeholder
EA,All Deciles,2011,0.6526758361971914,0.7628023384208952,,,placeholder,placeholder,placeholder
EA,All Deciles,2012,0.6526758361971914,0.7628023384208952,,,placeholder,placeholder,placeholder
EA,All Deciles,2013,0.6526758361971914,0.7628023384208952,,,placeholder,placeholder,placeholder
EA,All Deciles,2014,0.654121404064346,0.7628023384208952,,,placeholder,placeholder,placeholder
EA,All Deciles,2015,0.654121404064346,0.7628023384208952,,,placeholder,placeholder,placeholder
EA,All Deciles,2016,0.654121404064346,0.7628023384208952,,,placeholder,placeholder,placeholder
EA,All Deciles,2017,0.654121404064346,0.7628023384208952,,,placeholder,placeholder,placeholder
EA,All Deciles,2018,0.654121404064346,0.7628023384208952,,,placeholder,placeholder,placeholder
EA,All Deciles,2019,0.654121404064346,0.7628023384208952,,,placeholder,placeholder,placeholder
EA,All Deciles,2020,0.654121404064346,0.7628023384208952,,,placeholder,placeholder,placeholder
EA,All Deciles,2021,0.654121404064346,0.7628023384208952,,,placeholder,placeholder,placeholder
EA,All Deciles,2022,0.654121404064346,0.7628023384208952,,,placeholder,placeholder,placeholder
EA,All Deciles,2023,0.654121404064346,0.7628023384208952,,,placeholder,placeholder,placeholder
EE,All Deciles,2004,0.5708574132284613,0.2944022675252743,,,placeholder,placeholder,placeholder
EE,All Deciles,2005,0.5618804444617556,0.2944022675252743,,,placeholder,placeholder,placeholder
EE,All Deciles,2006,0.5684727820024725,0.2944022675252743,,,placeholder,placeholder,placeholder
EE,All Deciles,2007,0.5730262247513465,0.2944022675252743,,,placeholder,placeholder,placeholder
EE,All Deciles,2008,0.5835432731107699,0.2944022675252743,,,placeholder,placeholder,placeholder
EE,All Deciles,2009,0.5713059932817681,0.2944022675252743,,,placeholder,placeholder,placeholder
EE,All Deciles,2010,0.5620658790792684,0.2944022675252743,,,placeholder,placeholder,placeholder
EE,All Deciles,2011,0.5709467348003888,0.2944022675252743,,,placeholder,placeholder,placeholder
EE,All Deciles,2012,0.5766656016066991,0.2944022675252743,,,placeholder,placeholder,placeholder
EE,All Deciles,2013,0.57886187563401,0.2944022675252743,,,placeholder,placeholder,placeholder
EE,All Deciles,2014,0.59561126196974,0.2912878660406714,,,placeholder,placeholder,placeholder
EE,All Deciles,2015,0.5775304819876257,0.4090736075163184,,,placeholder,placeholder,placeholder
EE,All Deciles,2016,0.5792289524208594,0.4090736075163184,,,placeholder,placeholder,placeholder
EE,All Deciles,2017,0.5704405034042104,0.4090736075163184,,,placeholder,placeholder,placeholder
EE,All Deciles,2018,0.5635976553926451,0.4090736075163184,,,placeholder,placeholder,placeholder
EE,All Deciles,2019,0.569107145596113,0.4090736075163184,,,placeholder,placeholder,placeholder
EE,All Deciles,2020,0.5387586764896937,0.4090736075163184,,,placeholder,placeholder,placeholder
EE,All Deciles,2021,0.5293814895276856,0.4090736075163184,,,placeholder,placeholder,placeholder
EE,All Deciles,2022,0.5307582867871535,0.4090736075163184,,,placeholder,placeholder,placeholder
EE,All Deciles,2023,0.5346244966527428,0.4090736075163184,,,placeholder,placeholder,placeholder
EL,All Deciles,2004,0.4170361099650578,0.1374303819283792,,,placeholder,placeholder,placeholder
EL,All Deciles,2005,0.4185943607786047,0.1374303819283792,,,placeholder,placeholder,placeholder
EL,All Deciles,2006,0.4180973292092894,0.1374303819283792,,,placeholder,placeholder,placeholder
EL,All Deciles,2007,0.4154889752242806,0.1374303819283792,,,placeholder,placeholder,placeholder
EL,All Deciles,2008,0.4171680628817362,0.1374303819283792,,,placeholder,placeholder,placeholder
EL,All Deciles,2009,0.4175101308557225,0.1374303819283792,,,placeholder,placeholder,placeholder
EL,All Deciles,2010,0.4152400510147804,0.1374303819283792,,,placeholder,placeholder,placeholder
EL,All Deciles,2011,0.3998928399534676,0.1374303819283792,,,placeholder,placeholder,placeholder
EL,All Deciles,2012,0.3828848483889109,0.1374303819283792,,,placeholder,placeholder,placeholder
EL,All Deciles,2013,0.3522510655140901,0.1374303819283792,,,placeholder,placeholder,placeholder
EL,All Deciles,2014,0.3463474968033314,0.1373749419236406,,,placeholder,placeholder,placeholder
EL,All Deciles,2015,0.5656072029526141,0.3101677250437894,,,placeholder,placeholder,placeholder
EL,All Deciles,2016,0.561690337674732,0.3101677250437894,,,placeholder,placeholder,placeholder
EL,All Deciles,2017,0.5687244479407805,0.3101677250437894,,,placeholder,placeholder,placeholder
EL,All Deciles,2018,0.5632018738673124,0.3101677250437894,,,placeholder,placeholder,placeholder
EL,All Deciles,2019,0.5719190024783513,0.3101677250437894,,,placeholder,placeholder,placeholder
EL,All Deciles,2020,0.5616660396356018,0.3101677250437894,,,placeholder,placeholder,placeholder
EL,All Deciles,2021,0.5763518660827784,0.3101677250437894,,,placeholder,placeholder,placeholder
EL,All Deciles,2022,0.5738727140835459,0.3101677250437894,,,placeholder,placeholder,placeholder
EL,All Deciles,2023,0.5748736849175354,0.3101677250437894,,,placeholder,placeholder,placeholder
ES,All Deciles,2004,0.7668316390818177,1.0,,,placeholder,placeholder,placeholder
ES,All Deciles,2005,0.7718130821542759,1.0,,,placeholder,placeholder,placeholder
ES,All Deciles,2006,0.7747469921161332,1.0,,,placeholder,placeholder,placeholder
ES,All Deciles,2007,0.7688140651878914,1.0,,,placeholder,placeholder,placeholder
ES,All Deciles,2008,0.7745092615362732,1.0,,,placeholder,placeholder,placeholder
ES,All Deciles,2009,0.767115344791313,1.0,,,placeholder,placeholder,placeholder
ES,All Deciles,2010,0.7659652061447889,1.0,,,placeholder,placeholder,placeholder
ES,All Deciles,2011,0.7745580130863572,1.0,,,placeholder,placeholder,placeholder
ES,All Deciles,2012,0.7621870185370695,1.0,,,placeholder,placeholder,placeholder
ES,All Deciles,2013,0.7526692236061757,1.0,,,placeholder,placeholder,placeholder
ES,All Deciles,2014,0.7519251920677473,1.0,,,placeholder,placeholder,placeholder
ES,All Deciles,2015,0.7136816714138913,1.0,,,placeholder,placeholder,placeholder
ES,All Deciles,2016,0.7215566336532235,1.0,,,placeholder,placeholder,placeholder
ES,All Deciles,2017,0.7332281177729995,1.0,,,placeholder,placeholder,placeholder
ES,All Deciles,2018,0.7242031244366827,1.0,,,placeholder,placeholder,placeholder
ES,All Deciles,2019,0.7342957727217063,1.0,,,placeholder,placeholder,placeholder
ES,All Deciles,2020,0.7380548053219633,1.0,,,placeholder,placeholder,placeholder
ES,All Deciles,2021,0.7466657403593686,1.0,,,placeholder,placeholder,placeholder
ES,All Deciles,2022,0.7380872750514249,1.0,,,placeholder,placeholder,placeholder
ES,All Deciles,2023,0.7355250342867762,1.0,,,placeholder,placeholder,placeholder
EU,All Deciles,2004,0.6191851565379245,0.6980536206309402,,,placeholder,placeholder,placeholder
EU,All Deciles,2005,0.6191851565379245,0.6980536206309402,,,placeholder,placeholder,placeholder
EU,All Deciles,2006,0.6191851565379245,0.6980536206309402,,,placeholder,placeholder,placeholder
EU,All Deciles,2007,0.6191851565379245,0.6980536206309402,,,placeholder,placeholder,placeholder
EU,All Deciles,2008,0.6191851565379245,0.6980536206309402,,,placeholder,placeholder,placeholder
EU,All Deciles,2009,0.6191851565379245,0.6980536206309402,,,placeholder,placeholder,placeholder
EU,All Deciles,2010,0.6191851565379245,0.6980536206309402,,,placeholder,placeholder,placeholder
EU,All Deciles,2011,0.6191851565379245,0.6980536206309402,,,placeholder,placeholder,placeholder
EU,All Deciles,2012,0.6191851565379245,0.6980536206309402,,,placeholder,placeholder,placeholder
EU,All Deciles,2013,0.6191851565379245,0.6980536206309402,,,placeholder,placeholder,placeholder
EU,All Deciles,2014,0.6191851565379245,0.6980536206309402,,,placeholder,placeholder,placeholder
EU,All Deciles,2015,0.6191851565379245,0.6980536206309402,,,placeholder,placeholder,placeholder
EU,All Deciles,2016,0.6191851565379245,0.6980536206309402,,,placeholder,placeholder,placeholder
EU,All Deciles,2017,0.6191851565379245,0.6980536206309402,,,placeholder,placeholder,placeholder
EU,All Deciles,2018,0.6191851565379245,0.6980536206309402,,,placeholder,placeholder,placeholder
EU,All Deciles,2019,0.6191851565379245,0.6980536206309402,,,placeholder,placeholder,placeholder
EU,All Deciles,2020,0.6191851565379245,0.6980536206309402,,,placeholder,placeholder,placeholder
EU,All Deciles,2021,0.6191851565379245,0.6980536206309402,,,placeholder,placeholder,placeholder
EU,All Deciles,2022,0.6191851565379245,0.6980536206309402,,,placeholder,placeholder,placeholder
EU,All Deciles,2023,0.6191851565379245,0.6980536206309402,,,placeholder,placeholder,placeholder
FI,All Deciles,2004,0.7040299453563893,0.8742993228796806,,,placeholder,placeholder,placeholder
FI,All Deciles,2005,0.69339226397101,0.8742993228796806,,,placeholder,placeholder,placeholder
FI,All Deciles,2006,0.6967839121726023,0.8742993228796806,,,placeholder,placeholder,placeholder
FI,All Deciles,2007,0.7030293207483702,0.8742993228796806,,,placeholder,placeholder,placeholder
FI,All Deciles,2008,0.6988457046846271,0.8742993228796806,,,placeholder,placeholder,placeholder
FI,All Deciles,2009,0.7124175047832698,0.8742993228796806,,,placeholder,placeholder,placeholder
FI,All Deciles,2010,0.7232378247010988,0.8742993228796806,,,placeholder,placeholder,placeholder
FI,All Deciles,2011,0.7234327407628917,0.8742993228796806,,,placeholder,placeholder,placeholder
FI,All Deciles,2012,0.7205014794033591,0.8742993228796806,,,placeholder,placeholder,placeholder
FI,All Deciles,2013,0.7184758734548573,0.8742993228796806,,,placeholder,placeholder,placeholder
FI,All Deciles,2014,0.7220522358835689,0.862894142613273,,,placeholder,placeholder,placeholder
FI,All Deciles,2015,0.7561370025162756,0.6902248382083792,,,placeholder,placeholder,placeholder
FI,All Deciles,2016,0.7527225170554244,0.6902248382083792,,,placeholder,placeholder,placeholder
FI,All Deciles,2017,0.7534725929779436,0.6902248382083792,,,placeholder,placeholder,placeholder
FI,All Deciles,2018,0.7510328084980562,0.6902248382083792,,,placeholder,placeholder,placeholder
FI,All Deciles,2019,0.7487946074726818,0.6902248382083792,,,placeholder,placeholder,placeholder
FI,All Deciles,2020,0.4995083352754241,0.6902248382083792,,,placeholder,placeholder,placeholder
FI,All Deciles,2021,0.4925986282980285,0.6902248382083792,,,placeholder,placeholder,placeholder
FI,All Deciles,2022,0.4891890013026818,0.6902248382083792,,,placeholder,placeholder,placeholder
FI,All Deciles,2023,0.4882752401653335,0.6902248382083792,,,placeholder,placeholder,placeholder
FR,All Deciles,2004,0.7229683046916624,0.3568902878367644,,,placeholder,placeholder,placeholder
FR,All Deciles,2005,0.7240381043522962,0.3568902878367644,,,placeholder,placeholder,placeholder
FR,All Deciles,2006,0.7243647681621596,0.3568902878367644,,,placeholder,placeholder,placeholder
FR,All Deciles,2007,0.7235059775052548,0.3568902878367644,,,placeholder,placeholder,placeholder
FR,All Deciles,2008,0.7220378152946529,0.3568902878367644,,,placeholder,placeholder,placeholder
FR,All Deciles,2009,0.7250141129833958,0.3568902878367644,,,placeholder,placeholder,placeholder
FR,All Deciles,2010,0.7266700435557056,0.3568902878367644,,,placeholder,placeholder,placeholder
FR,All Deciles,2011,0.7316390894272169,0.3568902878367644,,,placeholder,placeholder,placeholder
FR,All Deciles,2012,0.7316940227147919,0.3568902878367644,,,placeholder,placeholder,placeholder
FR,All Deciles,2013,0.7354981264388065,0.3568902878367644,,,placeholder,placeholder,placeholder
FR,All Deciles,2014,0.7273668397785359,0.3511154973943223,,,placeholder,placeholder,placeholder
FR,All Deciles,2015,0.7299131036819909,0.231003560495473,,,placeholder,placeholder,placeholder
FR,All Deciles,2016,0.7288520052200973,0.231003560495473,,,placeholder,placeholder,placeholder
FR,All Deciles,2017,0.7272178108469864,0.231003560495473,,,placeholder,placeholder,placeholder
FR,All Deciles,2018,0.7242793049989587,0.231003560495473,,,placeholder,placeholder,placeholder
FR,All Deciles,2019,0.7206550318687324,0.231003560495473,,,placeholder,placeholder,placeholder
FR,All Deciles,2020,0.7103512756827554,0.231003560495473,,,placeholder,placeholder,placeholder
FR,All Deciles,2021,0.7027326657003637,0.231003560495473,,,placeholder,placeholder,placeholder
FR,All Deciles,2022,0.7015487395330322,0.231003560495473,,,placeholder,placeholder,placeholder
FR,All Deciles,2023,0.7071832004579683,0.231003560495473,,,placeholder,placeholder,placeholder
HR,All Deciles,2004,0.4083414983310766,0.1785193089120381,,,placeholder,placeholder,placeholder
HR,All Deciles,2005,0.4072476030431495,0.1785193089120381,,,placeholder,placeholder,placeholder
HR,All Deciles,2006,0.4071122370926509,0.1785193089120381,,,placeholder,placeholder,placeholder
HR,All Deciles,2007,0.4047948461211,0.1785193089120381,,,placeholder,placeholder,placeholder
HR,All Deciles,2008,0.4064292268084966,0.1785193089120381,,,placeholder,placeholder,placeholder
HR,All Deciles,2009,0.408857894292675,0.1785193089120381,,,placeholder,placeholder,placeholder
HR,All Deciles,2010,0.4098717411176063,0.1785193089120381,,,placeholder,placeholder,placeholder
HR,All Deciles,2011,0.3996901196725461,0.1785193089120381,,,placeholder,placeholder,placeholder
HR,All Deciles,2012,0.4049150517233669,0.1785193089120381,,,placeholder,placeholder,placeholder
HR,All Deciles,2013,0.4052423721270856,0.1785193089120381,,,placeholder,placeholder,placeholder
HR,All Deciles,2014,0.4066645055238539,0.1785193089120381,,,placeholder,placeholder,placeholder
HR,All Deciles,2015,0.6726388230465489,0.5155202412169506,,,placeholder,placeholder,placeholder
HR,All Deciles,2016,0.6821965071933633,0.5155202412169506,,,placeholder,placeholder,placeholder
HR,All Deciles,2017,0.6886336203361809,0.5155202412169506,,,placeholder,placeholder,placeholder
HR,All Deciles,2018,0.6882019142820665,0.5155202412169506,,,placeholder,placeholder,placeholder
HR,All Deciles,2019,0.6913485055804711,0.5155202412169506,,,placeholder,placeholder,placeholder
HR,All Deciles,2020,0.7140335123361463,0.5155202412169506,,,placeholder,placeholder,placeholder
HR,All Deciles,2021,0.7266279095670265,0.5155202412169506,,,placeholder,placeholder,placeholder
HR,All Deciles,2022,0.7277158076745087,0.5155202412169506,,,placeholder,placeholder,placeholder
HR,All Deciles,2023,0.7267430154874839,0.5155202412169506,,,placeholder,placeholder,placeholder
HU,All Deciles,2004,0.606317793270257,0.1630099797855977,,,placeholder,placeholder,placeholder
HU,All Deciles,2005,0.6045448826732629,0.1630099797855977,,,placeholder,placeholder,placeholder
HU,All Deciles,2006,0.6088744490926307,0.1630099797855977,,,placeholder,placeholder,placeholder
HU,All Deciles,2007,0.6003899727547896,0.1630099797855977,,,placeholder,placeholder,placeholder
HU,All Deciles,2008,0.6021452332270169,0.1630099797855977,,,placeholder,placeholder,placeholder
HU,All Deciles,2009,0.6049857072095444,0.1630099797855977,,,placeholder,placeholder,placeholder
HU,All Deciles,2010,0.601665003333558,0.1630099797855977,,,placeholder,placeholder,placeholder
HU,All Deciles,2011,0.5978291067887698,0.1630099797855977,,,placeholder,placeholder,placeholder
HU,All Deciles,2012,0.5957189906258291,0.1630099797855977,,,placeholder,placeholder,placeholder
HU,All Deciles,2013,0.5952233003205178,0.1630099797855977,,,placeholder,placeholder,placeholder
HU,All Deciles,2014,0.6040929993228445,0.1599049364908801,,,placeholder,placeholder,placeholder
HU,All Deciles,2015,0.6651901895603693,0.335429677537353,,,placeholder,placeholder,placeholder
HU,All Deciles,2016,0.6837744269274828,0.335429677537353,,,placeholder,placeholder,placeholder
HU,All Deciles,2017,0.692793610547286,0.335429677537353,,,placeholder,placeholder,placeholder
HU,All Deciles,2018,0.7003495451203033,0.335429677537353,,,placeholder,placeholder,placeholder
HU,All Deciles,2019,0.7020156928604789,0.335429677537353,,,placeholder,placeholder,placeholder
HU,All Deciles,2020,0.7057032363462302,0.335429677537353,,,placeholder,placeholder,placeholder
HU,All Deciles,2021,0.7210097997846142,0.335429677537353,,,placeholder,placeholder,placeholder
HU,All Deciles,2022,0.7326339036105507,0.335429677537353,,,placeholder,placeholder,placeholder
HU,All Deciles,2023,0.7241820772319477,0.335429677537353,,,placeholder,placeholder,placeholder
IE,All Deciles,2004,0.7702290803844444,0.7734411272687656,,,placeholder,placeholder,placeholder
IE,All Deciles,2005,0.7714578181034096,0.7734411272687656,,,placeholder,placeholder,placeholder
IE,All Deciles,2006,0.7655893023190581,0.7734411272687656,,,placeholder,placeholder,placeholder
IE,All Deciles,2007,0.7670878764576909,0.7734411272687656,,,placeholder,placeholder,placeholder
IE,All Deciles,2008,0.7639128344925801,0.7734411272687656,,,placeholder,placeholder,placeholder
IE,All Deciles,2009,0.7573879613956038,0.7734411272687656,,,placeholder,placeholder,placeholder
IE,All Deciles,2010,0.7546375801130893,0.7734411272687656,,,placeholder,placeholder,placeholder
IE,All Deciles,2011,0.7458317264487202,0.7734411272687656,,,placeholder,placeholder,placeholder
IE,All Deciles,2012,0.7412170373103291,0.7734411272687656,,,placeholder,placeholder,placeholder
IE,All Deciles,2013,0.7281453420405831,0.7734411272687656,,,placeholder,placeholder,placeholder
IE,All Deciles,2014,0.7401722499547208,0.7636959894342625,,,placeholder,placeholder,placeholder
IE,All Deciles,2015,0.7406906886826465,0.6726993031065144,,,placeholder,placeholder,placeholder
IE,All Deciles,2016,0.7505725669884119,0.6726993031065144,,,placeholder,placeholder,placeholder
IE,All Deciles,2017,0.7528351712933969,0.6726993031065144,,,placeholder,placeholder,placeholder
IE,All Deciles,2018,0.753635070915091,0.6726993031065144,,,placeholder,placeholder,placeholder
IE,All Deciles,2019,0.7519441545316792,0.6726993031065144,,,placeholder,placeholder,placeholder
IE,All Deciles,2020,0.713704491571431,0.6726993031065144,,,placeholder,placeholder,placeholder
IE,All Deciles,2021,0.7319832398798053,0.6726993031065144,,,placeholder,placeholder,placeholder
IE,All Deciles,2022,0.7194753838210416,0.6726993031065144,,,placeholder,placeholder,placeholder
IE,All Deciles,2023,0.7155219795493165,0.6726993031065144,,,placeholder,placeholder,placeholder
IS,All Deciles,2004,0.7115056068964829,0.8878786927910278,,,placeholder,placeholder,placeholder
IS,All Deciles,2005,0.7135181659147065,0.8878786927910278,,,placeholder,placeholder,placeholder
IS,All Deciles,2006,0.7126751949427512,0.8878786927910278,,,placeholder,placeholder,placeholder
IS,All Deciles,2007,0.7252623236260023,0.8878786927910278,,,placeholder,placeholder,placeholder
IS,All Deciles,2008,0.7280234957436379,0.8878786927910278,,,placeholder,placeholder,placeholder
IS,All Deciles,2009,0.720903659132159,0.8878786927910278,,,placeholder,placeholder,placeholder
IS,All Deciles,2010,0.693861812292579,0.8878786927910278,,,placeholder,placeholder,placeholder
IS,All Deciles,2011,0.6870236451142104,0.8878786927910278,,,placeholder,placeholder,placeholder
IS,All Deciles,2012,0.6932736049378179,0.8878786927910278,,,placeholder,placeholder,placeholder
IS,All Deciles,2013,0.6995584848784455,0.8878786927910278,,,placeholder,placeholder,placeholder
IS,All Deciles,2014,0.7013861252456607,0.8759667089482097,,,placeholder,placeholder,placeholder
IS,All Deciles,2015,0.7227704366646874,0.7596593472258371,,,placeholder,placeholder,placeholder
IS,All Deciles,2016,0.7280166856797673,0.7596593472258371,,,placeholder,placeholder,placeholder
IS,All Deciles,2017,0.7344432490655801,0.7596593472258371,,,placeholder,placeholder,placeholder
IS,All Deciles,2018,0.7214010372975315,0.7596593472258371,,,placeholder,placeholder,placeholder
IS,All Deciles,2019,0.7133344919176261,0.7596593472258371,,,placeholder,placeholder,placeholder
IS,All Deciles,2020,0.708320687917238,0.7596593472258371,,,placeholder,placeholder,placeholder
IS,All Deciles,2021,0.6957700741357731,0.7596593472258371,,,placeholder,placeholder,placeholder
IS,All Deciles,2022,0.6976061996886939,0.7596593472258371,,,placeholder,placeholder,placeholder
IS,All Deciles,2023,0.6953040517816446,0.7596593472258371,,,placeholder,placeholder,placeholder
IT,All Deciles,2004,0.6247462326988712,0.6037679494626977,,,placeholder,placeholder,placeholder
IT,All Deciles,2005,0.6232089615201766,0.6037679494626977,,,placeholder,placeholder,placeholder
IT,All Deciles,2006,0.6208124641082337,0.6037679494626977,,,placeholder,placeholder,placeholder
IT,All Deciles,2007,0.6091055089256096,0.6037679494626977,,,placeholder,placeholder,placeholder
IT,All Deciles,2008,0.6087418208870903,0.6037679494626977,,,placeholder,placeholder,placeholder
IT,All Deciles,2009,0.6124788982152443,0.6037679494626977,,,placeholder,placeholder,placeholder
IT,All Deciles,2010,0.6169552401206077,0.6037679494626977,,,placeholder,placeholder,placeholder
IT,All Deciles,2011,0.596953910067814,0.6037679494626977,,,placeholder,placeholder,placeholder
IT,All Deciles,2012,0.5928638395968862,0.6037679494626977,,,placeholder,placeholder,placeholder
IT,All Deciles,2013,0.5813199286823029,0.6037679494626977,,,placeholder,placeholder,placeholder
IT,All Deciles,2014,0.5814791886641358,0.5969449768580123,,,placeholder,placeholder,placeholder
IT,All Deciles,2015,0.6043968254795724,0.5801602035483765,,,placeholder,placeholder,placeholder
IT,All Deciles,2016,0.6251216472633655,0.5801602035483765,,,placeholder,placeholder,placeholder
IT,All Deciles,2017,0.6312394557198423,0.5801602035483765,,,placeholder,placeholder,placeholder
IT,All Deciles,2018,0.6248616910259174,0.5801602035483765,,,placeholder,placeholder,placeholder
IT,All Deciles,2019,0.6402619146364021,0.5801602035483765,,,placeholder,placeholder,placeholder
IT,All Deciles,2020,0.6149572202681836,0.5801602035483765,,,placeholder,placeholder,placeholder
IT,All Deciles,2021,0.6352556623796051,0.5801602035483765,,,placeholder,placeholder,placeholder
IT,All Deciles,2022,0.6503189779292952,0.5801602035483765,,,placeholder,placeholder,placeholder
IT,All Deciles,2023,0.6642711931465413,0.5801602035483765,,,placeholder,placeholder,placeholder
LT,All Deciles,2004,0.6739671480955594,0.4684168563534773,,,placeholder,placeholder,placeholder
LT,All Deciles,2005,0.6736153546916386,0.4684168563534773,,,placeholder,placeholder,placeholder
LT,All Deciles,2006,0.6798590857282008,0.4684168563534773,,,placeholder,placeholder,placeholder
LT,All Deciles,2007,0.6915939088998988,0.4684168563534773,,,placeholder,placeholder,placeholder
LT,All Deciles,2008,0.6994825433108214,0.4684168563534773,,,placeholder,placeholder,placeholder
LT,All Deciles,2009,0.6893990486778419,0.4684168563534773,,,placeholder,placeholder,placeholder
LT,All Deciles,2010,0.6804271107229056,0.4684168563534773,,,placeholder,placeholder,placeholder
LT,All Deciles,2011,0.6830485722498452,0.4684168563534773,,,placeholder,placeholder,placeholder
LT,All Deciles,2012,0.6857018536582076,0.4684168563534773,,,placeholder,placeholder,placeholder
LT,All Deciles,2013,0.6975735601340165,0.4684168563534773,,,placeholder,placeholder,placeholder
LT,All Deciles,2014,0.7000092278362469,0.4623472752118959,,,placeholder,placeholder,placeholder
LT,All Deciles,2015,0.5192489165643164,0.5051094852611077,,,placeholder,placeholder,placeholder
LT,All Deciles,2016,0.5157859213750698,0.5051094852611077,,,placeholder,placeholder,placeholder
LT,All Deciles,2017,0.517322276474766,0.5051094852611077,,,placeholder,placeholder,placeholder
LT,All Deciles,2018,0.5092310957832085,0.5051094852611077,,,placeholder,placeholder,placeholder
LT,All Deciles,2019,0.5054693650194788,0.5051094852611077,,,placeholder,placeholder,placeholder
LT,All Deciles,2020,0.5072605942497139,0.5051094852611077,,,placeholder,placeholder,placeholder
LT,All Deciles,2021,0.5141870441737509,0.5051094852611077,,,placeholder,placeholder,placeholder
LT,All Deciles,2022,0.5289729438438188,0.5051094852611077,,,placeholder,placeholder,placeholder
LT,All Deciles,2023,0.5259368971157792,0.5051094852611077,,,placeholder,placeholder,placeholder
LU,All Deciles,2004,0.75910664448617,0.7002031112150171,,,placeholder,placeholder,placeholder
LU,All Deciles,2005,0.7609135267210202,0.7002031112150171,,,placeholder,placeholder,placeholder
LU,All Deciles,2006,0.760868853049641,0.7002031112150171,,,placeholder,placeholder,placeholder
LU,All Deciles,2007,0.7547259434271169,0.7002031112150171,,,placeholder,placeholder,placeholder
LU,All Deciles,2008,0.7577640481300517,0.7002031112150171,,,placeholder,placeholder,placeholder
LU,All Deciles,2009,0.7569166240375718,0.7002031112150171,,,placeholder,placeholder,placeholder
LU,All Deciles,2010,0.75871599264827,0.7002031112150171,,,placeholder,placeholder,placeholder
LU,All Deciles,2011,0.7613425577693779,0.7002031112150171,,,placeholder,placeholder,placeholder
LU,All Deciles,2012,0.7576971243644599,0.7002031112150171,,,placeholder,placeholder,placeholder
LU,All Deciles,2013,0.7562796106199887,0.7002031112150171,,,placeholder,placeholder,placeholder
LU,All Deciles,2014,0.7567123936293841,0.689980408949503,,,placeholder,placeholder,placeholder
LU,All Deciles,2015,0.7693045973444448,0.6562374037276346,,,placeholder,placeholder,placeholder
LU,All Deciles,2016,0.7594248091042195,0.6562374037276346,,,placeholder,placeholder,placeholder
LU,All Deciles,2017,0.7623070202152475,0.6562374037276346,,,placeholder,placeholder,placeholder
LU,All Deciles,2018,0.755913648677793,0.6562374037276346,,,placeholder,placeholder,placeholder
LU,All Deciles,2019,0.7662077977400393,0.6562374037276346,,,placeholder,placeholder,placeholder
LU,All Deciles,2020,0.5549835711291521,0.6562374037276346,,,placeholder,placeholder,placeholder
LU,All Deciles,2021,0.5440300237614653,0.6562374037276346,,,placeholder,placeholder,placeholder
LU,All Deciles,2022,0.547037680006438,0.6562374037276346,,,placeholder,placeholder,placeholder
LU,All Deciles,2023,0.5421933735540956,0.6562374037276346,,,placeholder,placeholder,placeholder
LV,All Deciles,2004,0.6025002880032357,0.272934617928077,,,placeholder,placeholder,placeholder
LV,All Deciles,2005,0.6014729160104092,0.272934617928077,,,placeholder,placeholder,placeholder
LV,All Deciles,2006,0.609928309885567,0.272934617928077,,,placeholder,placeholder,placeholder
LV,All Deciles,2007,0.6075671143906933,0.272934617928077,,,placeholder,placeholder,placeholder
LV,All Deciles,2008,0.6168505867215212,0.272934617928077,,,placeholder,placeholder,placeholder
LV,All Deciles,2009,0.6007494249640047,0.272934617928077,,,placeholder,placeholder,placeholder
LV,All Deciles,2010,0.5921488457658716,0.272934617928077,,,placeholder,placeholder,placeholder
LV,All Deciles,2011,0.5945265142320515,0.272934617928077,,,placeholder,placeholder,placeholder
LV,All Deciles,2012,0.6095656860124137,0.272934617928077,,,placeholder,placeholder,placeholder
LV,All Deciles,2013,0.6230217628870993,0.272934617928077,,,placeholder,placeholder,placeholder
LV,All Deciles,2014,0.6332752448002265,0.2723666247777105,,,placeholder,placeholder,placeholder
LV,All Deciles,2015,0.4583441851686919,0.3753512996347103,,,placeholder,placeholder,placeholder
LV,All Deciles,2016,0.4631970790798536,0.3753512996347103,,,placeholder,placeholder,placeholder
LV,All Deciles,2017,0.4551777461033441,0.3753512996347103,,,placeholder,placeholder,placeholder
LV,All Deciles,2018,0.4643801822483546,0.3753512996347103,,,placeholder,placeholder,placeholder
LV,All Deciles,2019,0.469459890190667,0.3753512996347103,,,placeholder,placeholder,placeholder
LV,All Deciles,2020,0.4985954831936941,0.3753512996347103,,,placeholder,placeholder,placeholder
LV,All Deciles,2021,0.4975059428691665,0.3753512996347103,,,placeholder,placeholder,placeholder
LV,All Deciles,2022,0.4959000844947683,0.3753512996347103,,,placeholder,placeholder,placeholder
LV,All Deciles,2023,0.4914037122958111,0.3753512996347103,,,placeholder,placeholder,placeholder
MK,All Deciles,2004,0.8343192419223348,0.8343192419223348,,,placeholder,placeholder,placeholder
MK,All Deciles,2005,0.8343192419223348,0.8343192419223348,,,placeholder,placeholder,placeholder
MK,All Deciles,2006,0.8343192419223348,0.8343192419223348,,,placeholder,placeholder,placeholder
MK,All Deciles,2007,0.8343192419223348,0.8343192419223348,,,placeholder,placeholder,placeholder
MK,All Deciles,2008,0.8343192419223348,0.8343192419223348,,,placeholder,placeholder,placeholder
MK,All Deciles,2009,0.8343192419223348,0.8343192419223348,,,placeholder,placeholder,placeholder
MK,All Deciles,2010,0.8343192419223348,0.8343192419223348,,,placeholder,placeholder,placeholder
MK,All Deciles,2011,0.8343192419223348,0.8343192419223348,,,placeholder,placeholder,placeholder
MK,All Deciles,2012,0.8343192419223348,0.8343192419223348,,,placeholder,placeholder,placeholder
MK,All Deciles,2013,0.8343192419223348,0.8343192419223348,,,placeholder,placeholder,placeholder
MK,All Deciles,2014,0.8343192419223348,0.8343192419223348,,,placeholder,placeholder,placeholder
MK,All Deciles,2015,0.8343192419223348,0.8343192419223348,,,placeholder,placeholder,placeholder
MK,All Deciles,2016,0.8343192419223348,0.8343192419223348,,,placeholder,placeholder,placeholder
MK,All Deciles,2017,0.8343192419223348,0.8343192419223348,,,placeholder,placeholder,placeholder
MK,All Deciles,2018,0.8343192419223348,0.8343192419223348,,,placeholder,placeholder,placeholder
MK,All Deciles,2019,0.8343192419223348,0.8343192419223348,,,placeholder,placeholder,placeholder
MK,All Deciles,2020,0.8343192419223348,0.8343192419223348,,,placeholder,placeholder,placeholder
MK,All Deciles,2021,0.8343192419223348,0.8343192419223348,,,placeholder,placeholder,placeholder
MK,All Deciles,2022,0.8343192419223348,0.8343192419223348,,,placeholder,placeholder,placeholder
MK,All Deciles,2023,0.8343192419223348,0.8343192419223348,,,placeholder,placeholder,placeholder
MT,All Deciles,2004,0.7360130822224548,0.4080154927407204,,,placeholder,placeholder,placeholder
MT,All Deciles,2005,0.7373734331006334,0.4080154927407204,,,placeholder,placeholder,placeholder
MT,All Deciles,2006,0.7362409418053828,0.4080154927407204,,,placeholder,placeholder,placeholder
MT,All Deciles,2007,0.7346102048365085,0.4080154927407204,,,placeholder,placeholder,placeholder
MT,All Deciles,2008,0.7396851726051458,0.4080154927407204,,,placeholder,placeholder,placeholder
MT,All Deciles,2009,0.7389198068725199,0.4080154927407204,,,placeholder,placeholder,placeholder
MT,All Deciles,2010,0.7418713090458908,0.4080154927407204,,,placeholder,placeholder,placeholder
MT,All Deciles,2011,0.7400314786408033,0.4080154927407204,,,placeholder,placeholder,placeholder
MT,All Deciles,2012,0.7391138896791837,0.4080154927407204,,,placeholder,placeholder,placeholder
MT,All Deciles,2013,0.7375050027551829,0.4080154927407204,,,placeholder,placeholder,placeholder
MT,All Deciles,2014,0.7402839720437961,0.4050599853718242,,,placeholder,placeholder,placeholder
MT,All Deciles,2015,0.5516012165341936,0.5270869700126222,,,placeholder,placeholder,placeholder
MT,All Deciles,2016,0.5596021760511702,0.5270869700126222,,,placeholder,placeholder,placeholder
MT,All Deciles,2017,0.5662087625033593,0.5270869700126222,,,placeholder,placeholder,placeholder
MT,All Deciles,2018,0.5631913448382676,0.5270869700126222,,,placeholder,placeholder,placeholder
MT,All Deciles,2019,0.5640542710915601,0.5270869700126222,,,placeholder,placeholder,placeholder
MT,All Deciles,2020,0.5540909568178979,0.5270869700126222,,,placeholder,placeholder,placeholder
MT,All Deciles,2021,0.5411959625622043,0.5270869700126222,,,placeholder,placeholder,placeholder
MT,All Deciles,2022,0.5571955239373542,0.5270869700126222,,,placeholder,placeholder,placeholder
MT,All Deciles,2023,0.5560591316653917,0.5270869700126222,,,placeholder,placeholder,placeholder
NL,All Deciles,2004,0.4786030034736943,0.482078251072007,,,placeholder,placeholder,placeholder
NL,All Deciles,2005,0.4787480122259314,0.482078251072007,,,placeholder,placeholder,placeholder
NL,All Deciles,2006,0.4793096538216254,0.482078251072007,,,placeholder,placeholder,placeholder
NL,All Deciles,2007,0.480265291287468,0.482078251072007,,,placeholder,placeholder,placeholder
NL,All Deciles,2008,0.4795456960158133,0.482078251072007,,,placeholder,placeholder,placeholder
NL,All Deciles,2009,0.4800194672165307,0.482078251072007,,,placeholder,placeholder,placeholder
NL,All Deciles,2010,0.4778684632780532,0.482078251072007,,,placeholder,placeholder,placeholder
NL,All Deciles,2011,0.4791449406361177,0.482078251072007,,,placeholder,placeholder,placeholder
NL,All Deciles,2012,0.474083297209144,0.482078251072007,,,placeholder,placeholder,placeholder
NL,All Deciles,2013,0.470303471897011,0.482078251072007,,,placeholder,placeholder,placeholder
NL,All Deciles,2014,0.4667909038379059,0.4747001916765043,,,placeholder,placeholder,placeholder
NL,All Deciles,2015,0.4729711651130075,0.523275331588217,,,placeholder,placeholder,placeholder
NL,All Deciles,2016,0.4811743154717244,0.523275331588217,,,placeholder,placeholder,placeholder
NL,All Deciles,2017,0.4829089844059633,0.523275331588217,,,placeholder,placeholder,placeholder
NL,All Deciles,2018,0.4786259555758798,0.523275331588217,,,placeholder,placeholder,placeholder
NL,All Deciles,2019,0.4790583517831717,0.523275331588217,,,placeholder,placeholder,placeholder
NL,All Deciles,2020,0.5195855678941741,0.523275331588217,,,placeholder,placeholder,placeholder
NL,All Deciles,2021,0.5044203198535238,0.523275331588217,,,placeholder,placeholder,placeholder
NL,All Deciles,2022,0.499291726890159,0.523275331588217,,,placeholder,placeholder,placeholder
NL,All Deciles,2023,0.4996208975084102,0.523275331588217,,,placeholder,placeholder,placeholder
NO,All Deciles,2004,0.6118288859143585,0.8484231254574146,,,placeholder,placeholder,placeholder
NO,All Deciles,2005,0.610323658239547,0.8484231254574146,,,placeholder,placeholder,placeholder
NO,All Deciles,2006,0.6092199474619734,0.8484231254574146,,,placeholder,placeholder,placeholder
NO,All Deciles,2007,0.6159712672979767,0.8484231254574146,,,placeholder,placeholder,placeholder
NO,All Deciles,2008,0.6208375893839425,0.8484231254574146,,,placeholder,placeholder,placeholder
NO,All Deciles,2009,0.6204582180913569,0.8484231254574146,,,placeholder,placeholder,placeholder
NO,All Deciles,2010,0.624048282753873,0.8484231254574146,,,placeholder,placeholder,placeholder
NO,All Deciles,2011,0.6195425733952405,0.8484231254574146,,,placeholder,placeholder,placeholder
NO,All Deciles,2012,0.6289802638490632,0.8484231254574146,,,placeholder,placeholder,placeholder
NO,All Deciles,2013,0.6260586643346104,0.8484231254574146,,,placeholder,placeholder,placeholder
NO,All Deciles,2014,0.6305241161540325,0.8376387859160029,,,placeholder,placeholder,placeholder
NO,All Deciles,2015,0.6297864615349601,0.7313934855818743,,,placeholder,placeholder,placeholder
NO,All Deciles,2016,0.6265322953869126,0.7313934855818743,,,placeholder,placeholder,placeholder
NO,All Deciles,2017,0.6234150280482197,0.7313934855818743,,,placeholder,placeholder,placeholder
NO,All Deciles,2018,0.6204318357068679,0.7313934855818743,,,placeholder,placeholder,placeholder
NO,All Deciles,2019,0.6156298133554138,0.7313934855818743,,,placeholder,placeholder,placeholder
NO,All Deciles,2020,0.615227960235859,0.7313934855818743,,,placeholder,placeholder,placeholder
NO,All Deciles,2021,0.6116160260551173,0.7313934855818743,,,placeholder,placeholder,placeholder
NO,All Deciles,2022,0.6174360271796031,0.7313934855818743,,,placeholder,placeholder,placeholder
NO,All Deciles,2023,0.6078137062108229,0.7313934855818743,,,placeholder,placeholder,placeholder
PL,All Deciles,2004,0.6956584772568722,0.3093380166083631,,,placeholder,placeholder,placeholder
PL,All Deciles,2005,0.6948114597437267,0.3093380166083631,,,placeholder,placeholder,placeholder
PL,All Deciles,2006,0.6980125999474643,0.3093380166083631,,,placeholder,placeholder,placeholder
PL,All Deciles,2007,0.6983922862655279,0.3093380166083631,,,placeholder,placeholder,placeholder
PL,All Deciles,2008,0.712476561657093,0.3093380166083631,,,placeholder,placeholder,placeholder
PL,All Deciles,2009,0.7155921679605703,0.3093380166083631,,,placeholder,placeholder,placeholder
PL,All Deciles,2010,0.7132041442169239,0.3093380166083631,,,placeholder,placeholder,placeholder
PL,All Deciles,2011,0.7112965211571841,0.3093380166083631,,,placeholder,placeholder,placeholder
PL,All Deciles,2012,0.7086182944398737,0.3093380166083631,,,placeholder,placeholder,placeholder
PL,All Deciles,2013,0.7161860234957838,0.3093380166083631,,,placeholder,placeholder,placeholder
PL,All Deciles,2014,0.7215339371202364,0.3045476880518188,,,placeholder,placeholder,placeholder
PL,All Deciles,2015,0.746248186114647,0.4183378400151302,,,placeholder,placeholder,placeholder
PL,All Deciles,2016,0.74896773964175,0.4183378400151302,,,placeholder,placeholder,placeholder
PL,All Deciles,2017,0.7501801717654704,0.4183378400151302,,,placeholder,placeholder,placeholder
PL,All Deciles,2018,0.7471432007574116,0.4183378400151302,,,placeholder,placeholder,placeholder
PL,All Deciles,2019,0.7496513889379149,0.4183378400151302,,,placeholder,placeholder,placeholder
PL,All Deciles,2020,0.7535287328703034,0.4183378400151302,,,placeholder,placeholder,placeholder
PL,All Deciles,2021,0.7752663336385986,0.4183378400151302,,,placeholder,placeholder,placeholder
PL,All Deciles,2022,0.7706998102963106,0.4183378400151302,,,placeholder,placeholder,placeholder
PL,All Deciles,2023,0.7670618805252664,0.4183378400151302,,,placeholder,placeholder,placeholder
PT,All Deciles,2004,0.4479589655698626,0.6420365552310956,,,placeholder,placeholder,placeholder
PT,All Deciles,2005,0.4500529112126868,0.6420365552310956,,,placeholder,placeholder,placeholder
PT,All Deciles,2006,0.4507126722130889,0.6420365552310956,,,placeholder,placeholder,placeholder
PT,All Deciles,2007,0.4474156495973135,0.6420365552310956,,,placeholder,placeholder,placeholder
PT,All Deciles,2008,0.4430712131179712,0.6420365552310956,,,placeholder,placeholder,placeholder
PT,All Deciles,2009,0.4402635883541047,0.6420365552310956,,,placeholder,placeholder,placeholder
PT,All Deciles,2010,0.4422592613646164,0.6420365552310956,,,placeholder,placeholder,placeholder
PT,All Deciles,2011,0.4305356321244261,0.6420365552310956,,,placeholder,placeholder,placeholder
PT,All Deciles,2012,0.4387415323847019,0.6420365552310956,,,placeholder,placeholder,placeholder
PT,All Deciles,2013,0.434400690775174,0.6420365552310956,,,placeholder,placeholder,placeholder
PT,All Deciles,2014,0.42784525254458,0.6352121914166167,,,placeholder,placeholder,placeholder
PT,All Deciles,2015,0.4129605244620548,0.6065601029436649,,,placeholder,placeholder,placeholder
PT,All Deciles,2016,0.4192565323042312,0.6065601029436649,,,placeholder,placeholder,placeholder
PT,All Deciles,2017,0.4253009733837528,0.6065601029436649,,,placeholder,placeholder,placeholder
PT,All Deciles,2018,0.4273262948143989,0.6065601029436649,,,placeholder,placeholder,placeholder
PT,All Deciles,2019,0.4278290819950639,0.6065601029436649,,,placeholder,placeholder,placeholder
PT,All Deciles,2020,0.5364855709125084,0.6065601029436649,,,placeholder,placeholder,placeholder
PT,All Deciles,2021,0.5397815577563336,0.6065601029436649,,,placeholder,placeholder,placeholder
PT,All Deciles,2022,0.5431796396474227,0.6065601029436649,,,placeholder,placeholder,placeholder
PT,All Deciles,2023,0.5385727389594692,0.6065601029436649,,,placeholder,placeholder,placeholder
RO,All Deciles,2004,0.6834813289598676,0.4947448564620001,,,placeholder,placeholder,placeholder
RO,All Deciles,2005,0.6850672328881879,0.4947448564620001,,,placeholder,placeholder,placeholder
RO,All Deciles,2006,0.684970258492815,0.4947448564620001,,,placeholder,placeholder,placeholder
RO,All Deciles,2007,0.6824119125605295,0.4947448564620001,,,placeholder,placeholder,placeholder
RO,All Deciles,2008,0.6901900310821503,0.4947448564620001,,,placeholder,placeholder,placeholder
RO,All Deciles,2009,0.6885081569322353,0.4947448564620001,,,placeholder,placeholder,placeholder
RO,All Deciles,2010,0.6846949221551604,0.4947448564620001,,,placeholder,placeholder,placeholder
RO,All Deciles,2011,0.6811851769337305,0.4947448564620001,,,placeholder,placeholder,placeholder
RO,All Deciles,2012,0.6865784523122624,0.4947448564620001,,,placeholder,placeholder,placeholder
RO,All Deciles,2013,0.6905755828571231,0.4947448564620001,,,placeholder,placeholder,placeholder
RO,All Deciles,2014,0.6956263810115194,0.4918720416205233,,,placeholder,placeholder,placeholder
RO,All Deciles,2015,0.6842387191125887,0.5131950180608854,,,placeholder,placeholder,placeholder
RO,All Deciles,2016,0.6781277170126739,0.5131950180608854,,,placeholder,placeholder,placeholder
RO,All Deciles,2017,0.683226524814244,0.5131950180608854,,,placeholder,placeholder,placeholder
RO,All Deciles,2018,0.6804973814088302,0.5131950180608854,,,placeholder,placeholder,placeholder
RO,All Deciles,2019,0.680324518853362,0.5131950180608854,,,placeholder,placeholder,placeholder
RO,All Deciles,2020,0.7130912587091275,0.5131950180608854,,,placeholder,placeholder,placeholder
RO,All Deciles,2021,0.7307734554075979,0.5131950180608854,,,placeholder,placeholder,placeholder
RO,All Deciles,2022,0.7290391351025914,0.5131950180608854,,,placeholder,placeholder,placeholder
RO,All Deciles,2023,0.7347581855224227,0.5131950180608854,,,placeholder,placeholder,placeholder
RS,All Deciles,2004,0.4190681172274502,0.6453933657037499,,,placeholder,placeholder,placeholder
RS,All Deciles,2005,0.4177291560577559,0.6593956406952184,,,placeholder,placeholder,placeholder
RS,All Deciles,2006,0.41896922530627,0.6455258937664238,,,placeholder,placeholder,placeholder
RS,All Deciles,2007,0.4140565445200199,0.6381652839903563,,,placeholder,placeholder,placeholder
RS,All Deciles,2008,0.4269099634942766,0.6330632925615827,,,placeholder,placeholder,placeholder
RS,All Deciles,2009,0.4368249378821411,0.6383806110858374,,,placeholder,placeholder,placeholder
RS,All Deciles,2010,0.4362715850968398,0.6504349043626763,,,placeholder,placeholder,placeholder
RS,All Deciles,2011,0.4280153527380454,0.6546861860875293,,,placeholder,placeholder,placeholder
RS,All Deciles,2012,0.4315544115406542,0.6640457574959129,,,placeholder,placeholder,placeholder
RS,All Deciles,2013,0.4413514225963941,0.6667590641692642,,,placeholder,placeholder,placeholder
RS,All Deciles,2014,0.4249526230859953,0.6565790829351337,,,placeholder,placeholder,placeholder
RS,All Deciles,2015,0.4395155853817099,0.7040985981806217,,,placeholder,placeholder,placeholder
RS,All Deciles,2016,0.4292177054504135,0.7377829665252856,,,placeholder,placeholder,placeholder
RS,All Deciles,2017,0.4401475997372179,0.7194416252793656,,,placeholder,placeholder,placeholder
RS,All Deciles,2018,0.4322423327207751,0.728321314418969,,,placeholder,placeholder,placeholder
RS,All Deciles,2019,0.429534287302376,0.746548465296468,,,placeholder,placeholder,placeholder
RS,All Deciles,2020,0.4380809026683358,0.833898481291425,,,placeholder,placeholder,placeholder
RS,All Deciles,2021,0.515540468003844,0.8564890899846201,,,placeholder,placeholder,placeholder
RS,All Deciles,2022,0.5124902085471581,0.8287942870473491,,,placeholder,placeholder,placeholder
RS,All Deciles,2023,0.4902428663593107,0.8295996285621199,,,placeholder,placeholder,placeholder
SE,All Deciles,2004,0.7127919413338831,0.9895511940121956,,,placeholder,placeholder,placeholder
SE,All Deciles,2005,0.7205847844190628,0.9895511940121956,,,placeholder,placeholder,placeholder
SE,All Deciles,2006,0.7264208517560261,0.9895511940121956,,,placeholder,placeholder,placeholder
SE,All Deciles,2007,0.7250883827046305,0.9895511940121956,,,placeholder,placeholder,placeholder
SE,All Deciles,2008,0.7229769562375149,0.9895511940121956,,,placeholder,placeholder,placeholder
SE,All Deciles,2009,0.7268072490344737,0.9895511940121956,,,placeholder,placeholder,placeholder
SE,All Deciles,2010,0.7326274162305623,0.9895511940121956,,,placeholder,placeholder,placeholder
SE,All Deciles,2011,0.7285931692020026,0.9895511940121956,,,placeholder,placeholder,placeholder
SE,All Deciles,2012,0.7278081971541182,0.9895511940121956,,,placeholder,placeholder,placeholder
SE,All Deciles,2013,0.7355692086168285,0.9895511940121956,,,placeholder,placeholder,placeholder
SE,All Deciles,2014,0.7390642680758029,0.9777291723699651,,,placeholder,placeholder,placeholder
SE,All Deciles,2015,0.7952895181816902,0.716799534131485,,,placeholder,placeholder,placeholder
SE,All Deciles,2016,0.7936905601416966,0.716799534131485,,,placeholder,placeholder,placeholder
SE,All Deciles,2017,0.7920195554646734,0.716799534131485,,,placeholder,placeholder,placeholder
SE,All Deciles,2018,0.7881989120432897,0.716799534131485,,,placeholder,placeholder,placeholder
SE,All Deciles,2019,0.7884245093366637,0.716799534131485,,,placeholder,placeholder,placeholder
SE,All Deciles,2020,0.7862799041937885,0.716799534131485,,,placeholder,placeholder,placeholder
SE,All Deciles,2021,0.7720047142729524,0.716799534131485,,,placeholder,placeholder,placeholder
SE,All Deciles,2022,0.7729726830123255,0.716799534131485,,,placeholder,placeholder,placeholder
SE,All Deciles,2023,0.7659295602638341,0.716799534131485,,,placeholder,placeholder,placeholder
SI,All Deciles,2004,0.6450057336862189,0.5314131947091116,,,placeholder,placeholder,placeholder
SI,All Deciles,2005,0.6446056686219386,0.5314131947091116,,,placeholder,placeholder,placeholder
SI,All Deciles,2006,0.6458395237574892,0.5314131947091116,,,placeholder,placeholder,placeholder
SI,All Deciles,2007,0.6422240899166822,0.5314131947091116,,,placeholder,placeholder,placeholder
SI,All Deciles,2008,0.6419975447385156,0.5314131947091116,,,placeholder,placeholder,placeholder
SI,All Deciles,2009,0.6489922539237017,0.5314131947091116,,,placeholder,placeholder,placeholder
SI,All Deciles,2010,0.6357442282953836,0.5314131947091116,,,placeholder,placeholder,placeholder
SI,All Deciles,2011,0.6463792402928203,0.5314131947091116,,,placeholder,placeholder,placeholder
SI,All Deciles,2012,0.65200235760254,0.5314131947091116,,,placeholder,placeholder,placeholder
SI,All Deciles,2013,0.6577344986965735,0.5314131947091116,,,placeholder,placeholder,placeholder
SI,All Deciles,2014,0.6401992885471048,0.5253104613916599,,,placeholder,placeholder,placeholder
SI,All Deciles,2015,0.620473715746469,0.5460251147804968,,,placeholder,placeholder,placeholder
SI,All Deciles,2016,0.6306830896300246,0.5460251147804968,,,placeholder,placeholder,placeholder
SI,All Deciles,2017,0.6443667614097768,0.5460251147804968,,,placeholder,placeholder,placeholder
SI,All Deciles,2018,0.645883430855787,0.5460251147804968,,,placeholder,placeholder,placeholder
SI,All Deciles,2019,0.6607089401066778,0.5460251147804968,,,placeholder,placeholder,placeholder
SI,All Deciles,2020,0.5356054190689524,0.5460251147804968,,,placeholder,placeholder,placeholder
SI,All Deciles,2021,0.5547383399721761,0.5460251147804968,,,placeholder,placeholder,placeholder
SI,All Deciles,2022,0.5602598985897458,0.5460251147804968,,,placeholder,placeholder,placeholder
SI,All Deciles,2023,0.5599063891587414,0.5460251147804968,,,placeholder,placeholder,placeholder
SK,All Deciles,2004,0.4999750872249093,0.346247161304074,,,placeholder,placeholder,placeholder
SK,All Deciles,2005,0.5000485547912034,0.346247161304074,,,placeholder,placeholder,placeholder
SK,All Deciles,2006,0.5003556448972017,0.346247161304074,,,placeholder,placeholder,placeholder
SK,All Deciles,2007,0.505519590923107,0.346247161304074,,,placeholder,placeholder,placeholder
SK,All Deciles,2008,0.5079831555081744,0.346247161304074,,,placeholder,placeholder,placeholder
SK,All Deciles,2009,0.5039128233617177,0.346247161304074,,,placeholder,placeholder,placeholder
SK,All Deciles,2010,0.5028678375310236,0.346247161304074,,,placeholder,placeholder,placeholder
SK,All Deciles,2011,0.507065255713174,0.346247161304074,,,placeholder,placeholder,placeholder
SK,All Deciles,2012,0.5083908309014117,0.346247161304074,,,placeholder,placeholder,placeholder
SK,All Deciles,2013,0.514381697735881,0.346247161304074,,,placeholder,placeholder,placeholder
SK,All Deciles,2014,0.5148874560557656,0.343429373902462,,,placeholder,placeholder,placeholder
SK,All Deciles,2015,0.7086118057139131,0.4198180238969445,,,placeholder,placeholder,placeholder
SK,All Deciles,2016,0.7066489025567585,0.4198180238969445,,,placeholder,placeholder,placeholder
SK,All Deciles,2017,0.7093649808460731,0.4198180238969445,,,placeholder,placeholder,placeholder
SK,All Deciles,2018,0.7132757990723421,0.4198180238969445,,,placeholder,placeholder,placeholder
SK,All Deciles,2019,0.7104800147050272,0.4198180238969445,,,placeholder,placeholder,placeholder
SK,All Deciles,2020,0.683611301116565,0.4198180238969445,,,placeholder,placeholder,placeholder
SK,All Deciles,2021,0.6985165721322896,0.4198180238969445,,,placeholder,placeholder,placeholder
SK,All Deciles,2022,0.6968589845326693,0.4198180238969445,,,placeholder,placeholder,placeholder
SK,All Deciles,2023,0.6916308860521452,0.4198180238969445,,,placeholder,placeholder,placeholder
UK,All Deciles,2004,0.7729663531871547,0.7385027492272068,,,placeholder,placeholder,placeholder
UK,All Deciles,2005,0.7718076283771955,0.7385027492272068,,,placeholder,placeholder,placeholder
UK,All Deciles,2006,0.7701636618672217,0.7385027492272068,,,placeholder,placeholder,placeholder
UK,All Deciles,2007,0.7709375367128762,0.7385027492272068,,,placeholder,placeholder,placeholder
UK,All Deciles,2008,0.7730766553644655,0.7385027492272068,,,placeholder,placeholder,placeholder
UK,All Deciles,2009,0.7715301656190815,0.7385027492272068,,,placeholder,placeholder,placeholder
UK,All Deciles,2010,0.7743748550797109,0.7385027492272068,,,placeholder,placeholder,placeholder
UK,All Deciles,2011,0.7693998753075891,0.7385027492272068,,,placeholder,placeholder,placeholder
UK,All Deciles,2012,0.7658108760472082,0.7385027492272068,,,placeholder,placeholder,placeholder
UK,All Deciles,2013,0.7675868808961387,0.7385027492272068,,,placeholder,placeholder,placeholder
UK,All Deciles,2014,0.7641044694825082,0.7857238502028846,,,placeholder,placeholder,placeholder
UK,All Deciles,2015,0.7842163731701614,0.7031445615989323,,,placeholder,placeholder,placeholder
UK,All Deciles,2016,0.7824268373431518,0.7031445615989323,,,placeholder,placeholder,placeholder
UK,All Deciles,2017,0.7790921902383694,0.7031445615989323,,,placeholder,placeholder,placeholder
UK,All Deciles,2018,0.7722155727794152,0.7031445615989323,,,placeholder,placeholder,placeholder
UK,All Deciles,2019,0.7772614203221442,0.7031445615989323,,,placeholder,placeholder,placeholder
UK,All Deciles,2020,0.7756170325499431,0.7031445615989323,,,placeholder,placeholder,placeholder
UK,All Deciles,2021,0.7719936256067874,0.7031445615989323,,,placeholder,placeholder,placeholder
UK,All Deciles,2022,0.7714209268839665,0.7031445615989323,,,placeholder,placeholder,placeholder
UK,All Deciles,2023,0.7682396558103028,0.7031445615989323,,,placeholder,placeholder,placeholder
EU Countries Average,All Deciles,2004,0.6166278766197791,0.4809743801657837,,,placeholder,placeholder,placeholder
EU Countries Average,All Deciles,2005,0.6165467296066761,0.4809743801657837,,,placeholder,placeholder,placeholder
EU Countries Average,All Deciles,2006,0.6171987024035503,0.4809743801657837,,,placeholder,placeholder,placeholder
EU Countries Average,All Deciles,2007,0.6164618625259821,0.4809743801657837,,,placeholder,placeholder,placeholder
EU Countries Average,All Deciles,2008,0.6192584797490156,0.4809743801657837,,,placeholder,placeholder,placeholder
EU Countries Average,All Deciles,2009,0.618822478226705,0.4809743801657837,,,placeholder,placeholder,placeholder
EU Countries Average,All Deciles,2010,0.6176421124018426,0.4809743801657837,,,placeholder,placeholder,placeholder
EU Countries Average,All Deciles,2011,0.6160932991556196,0.4809743801657837,,,placeholder,placeholder,placeholder
EU Countries Average,All Deciles,2012,0.6158564944465508,0.4809743801657837,,,placeholder,placeholder,placeholder
EU Countries Average,All Deciles,2013,0.61604450701735,0.4809743801657837,,,placeholder,placeholder,placeholder
EU Countries Average,All Deciles,2014,0.6170984717751513,0.4726936606905348,,,placeholder,placeholder,placeholder
EU Countries Average,All Deciles,2015,0.6210795294247463,0.5166659700730349,,,placeholder,placeholder,placeholder
EU Countries Average,All Deciles,2016,0.6239491248128651,0.5166659700730349,,,placeholder,placeholder,placeholder
EU Countries Average,All Deciles,2017,0.6262753119642435,0.5166659700730349,,,placeholder,placeholder,placeholder
EU Countries Average,All Deciles,2018,0.6252545430018339,0.5166659700730349,,,placeholder,placeholder,placeholder
EU Countries Average,All Deciles,2019,0.6279125089066063,0.5166659700730349,,,placeholder,placeholder,placeholder
EU Countries Average,All Deciles,2020,0.604007939487606,0.5166659700730349,,,placeholder,placeholder,placeholder
EU Countries Average,All Deciles,2021,0.6082777842977926,0.5166659700730349,,,placeholder,placeholder,placeholder
EU Countries Average,All Deciles,2022,0.609255373585878,0.5166659700730349,,,placeholder,placeholder,placeholder
EU Countries Average,All Deciles,2023,0.607448435315417,0.5166659700730349,,,placeholder,placeholder,placeholder
All Countries Average,All Deciles,2004,0.6272308933144455,0.5396033033312148,,,placeholder,placeholder,placeholder
All Countries Average,All Deciles,2005,0.627102411541544,0.5403720775327956,,,placeholder,placeholder,placeholder
All Countries Average,All Deciles,2006,0.6274772723866825,0.5395654489257745,,,placeholder,placeholder,placeholder
All Countries Average,All Deciles,2007,0.6271635638698073,0.539041938103632,,,placeholder,placeholder,placeholder
All Countries Average,All Deciles,2008,0.6299330370878664,0.5352106512431791,,,placeholder,placeholder,placeholder
All Countries Average,All Deciles,2009,0.6296547337583032,0.5378697909682808,,,placeholder,placeholder,placeholder
All Countries Average,All Deciles,2010,0.6288354483565961,0.5369506489812436,,,placeholder,placeholder,placeholder
All Countries Average,All Deciles,2011,0.6274804770169041,0.5405179421689748,,,placeholder,placeholder,placeholder
All Countries Average,All Deciles,2012,0.6277913233466936,0.5391186911852882,,,placeholder,placeholder,placeholder
All Countries Average,All Deciles,2013,0.6284064297795323,0.5412142346267369,,,placeholder,placeholder,placeholder
All Countries Average,All Deciles,2014,0.6283685409902726,0.5312669871245379,,,placeholder,placeholder,placeholder
All Countries Average,All Deciles,2015,0.6336599130354491,0.568479488115484,,,placeholder,placeholder,placeholder
All Countries Average,All Deciles,2016,0.6353115916956517,0.5693578388367265,,,placeholder,placeholder,placeholder
All Countries Average,All Deciles,2017,0.6375964878038877,0.5692247178988417,,,placeholder,placeholder,placeholder
All Countries Average,All Deciles,2018,0.6357183989190309,0.5684751888240774,,,placeholder,placeholder,placeholder
All Countries Average,All Deciles,2019,0.6372403729303628,0.5679680988043738,,,placeholder,placeholder,placeholder
All Countries Average,All Deciles,2020,0.6191088593127769,0.5705162305423881,,,placeholder,placeholder,placeholder
All Countries Average,All Deciles,2021,0.6238230024581991,0.566453665024055,,,placeholder,placeholder,placeholder
All Countries Average,All Deciles,2022,0.6249810017016232,0.5708585594639161,,,placeholder,placeholder,placeholder
All Countries Average,All Deciles,2023,0.6224718579451127,0.5707561302946098,,,placeholder,placeholder,placeholder
